project_full_name,fix_commit_hash,buggy_commit_hash,bug_id,bug_type,file_path
Qiskit/qiskit-ignis,ec1b4ce759f1fb8ba0242dd6c4a309fa1b586666,ec1b4ce759f1fb8ba0242dd6c4a309fa1b586666^1,1,Classical,qiskit_ignis/tomography/fitters/cvx_fit.py
Qiskit/qiskit-ignis,e696fee3e52550f50fb240a4c6356c61c9f01725,e696fee3e52550f50fb240a4c6356c61c9f01725^1,10,Quantum,qiskit/ignis/characterization/calibrations/ibmq_utils.py
Qiskit/qiskit-aer,dc7a2413e6c373455c00cff51e37eaaa17a4a7ac,dc7a2413e6c373455c00cff51e37eaaa17a4a7ac^1,1010,Quantum,src/controllers/controller.hpp
Qiskit/qiskit-aer,dc7a2413e6c373455c00cff51e37eaaa17a4a7ac,dc7a2413e6c373455c00cff51e37eaaa17a4a7ac^1,1010,Quantum,src/controllers/qasm_controller.hpp
Qiskit/qiskit-aer,7de864cc989b354d0ad1febbd62b891270927b6b,7de864cc989b354d0ad1febbd62b891270927b6b^1,1012,Classical,releasenotes/notes/fix-diagonal-unitary-check-a726500ffda6c74b.yaml
Qiskit/qiskit-aer,7de864cc989b354d0ad1febbd62b891270927b6b,7de864cc989b354d0ad1febbd62b891270927b6b^1,1012,Classical,src/framework/operations.hpp
Qiskit/qiskit-aer,f3b4303f478ff84bf8da15761827287d3a2f16e4,f3b4303f478ff84bf8da15761827287d3a2f16e4^1,1019,Quantum,releasenotes/notes/fix-density-matrix-diagonal-bb8ce049e2fa3c64.yaml
Qiskit/qiskit-aer,f3b4303f478ff84bf8da15761827287d3a2f16e4,f3b4303f478ff84bf8da15761827287d3a2f16e4^1,1019,Quantum,src/simulators/density_matrix/densitymatrix_state.hpp
Qiskit/qiskit-aer,0eab74b57f2704ad0893132b6c5f214603550c39,0eab74b57f2704ad0893132b6c5f214603550c39^1,1022,Quantum,src/simulators/density_matrix/densitymatrix_thrust.hpp
PennyLaneAI/pennylane,01196202394aed89f43d3044d64eb9e41f7d583c,01196202394aed89f43d3044d64eb9e41f7d583c^1,104,Classical,.github/CHANGELOG.md
PennyLaneAI/pennylane,01196202394aed89f43d3044d64eb9e41f7d583c,01196202394aed89f43d3044d64eb9e41f7d583c^1,104,Classical,pennylane/devices/default_qubit.py
PennyLaneAI/pennylane,01196202394aed89f43d3044d64eb9e41f7d583c,01196202394aed89f43d3044d64eb9e41f7d583c^1,104,Classical,pennylane/devices/default_qubit_tf.py
Qiskit/qiskit-aer,48498dd0edc4e1ed1ee4bb287edd89541af104b2,48498dd0edc4e1ed1ee4bb287edd89541af104b2^1,1057,Classical,releasenotes/notes/fix-c-if-large-register-79d6649395e57ff5.yaml
Qiskit/qiskit-aer,48498dd0edc4e1ed1ee4bb287edd89541af104b2,48498dd0edc4e1ed1ee4bb287edd89541af104b2^1,1057,Classical,src/framework/creg.hpp
Qiskit/qiskit-aer,48498dd0edc4e1ed1ee4bb287edd89541af104b2,48498dd0edc4e1ed1ee4bb287edd89541af104b2^1,1057,Classical,src/framework/utils.hpp
Qiskit/qiskit-aer,72674296de7de6cfdf812595be33a2f6f637a29f,72674296de7de6cfdf812595be33a2f6f637a29f^1,1067,Quantum,releasenotes/notes/issue1126-e2d51f660b0078db.yaml
Qiskit/qiskit-aer,72674296de7de6cfdf812595be33a2f6f637a29f,72674296de7de6cfdf812595be33a2f6f637a29f^1,1067,Quantum,src/simulators/matrix_product_state/matrix_product_state.hpp
PennyLaneAI/pennylane,474f337b176f706a180ac62d6c7840c01f604192,474f337b176f706a180ac62d6c7840c01f604192^1,107,Quantum,.github/CHANGELOG.md
PennyLaneAI/pennylane,474f337b176f706a180ac62d6c7840c01f604192,474f337b176f706a180ac62d6c7840c01f604192^1,107,Quantum,pennylane/interfaces/torch.py
PennyLaneAI/pennylane,474f337b176f706a180ac62d6c7840c01f604192,474f337b176f706a180ac62d6c7840c01f604192^1,107,Quantum,pennylane/qnn/torch.py
PennyLaneAI/pennylane,474f337b176f706a180ac62d6c7840c01f604192,474f337b176f706a180ac62d6c7840c01f604192^1,107,Quantum,pennylane/tape/interfaces/torch.py
Qiskit/qiskit-aer,20c3b06c2464ce0342a920dfbe91c6a496707f7f,20c3b06c2464ce0342a920dfbe91c6a496707f7f^1,1073,Quantum,releasenotes/notes/mps-kraus-bug-1299a1c96e947125.yaml
Qiskit/qiskit-aer,20c3b06c2464ce0342a920dfbe91c6a496707f7f,20c3b06c2464ce0342a920dfbe91c6a496707f7f^1,1073,Quantum,src/simulators/matrix_product_state/matrix_product_state_internal.cpp
Qiskit/qiskit-aer,20c3b06c2464ce0342a920dfbe91c6a496707f7f,20c3b06c2464ce0342a920dfbe91c6a496707f7f^1,1073,Quantum,src/simulators/matrix_product_state/svd.hpp
Qiskit/qiskit-aer,759a01f43726d5146422141bfdcc83fc34c180d0,759a01f43726d5146422141bfdcc83fc34c180d0^1,1076,Quantum,releasenotes/notes/bug-fix-mps-kraus-764cc96854585030.yaml
Qiskit/qiskit-aer,759a01f43726d5146422141bfdcc83fc34c180d0,759a01f43726d5146422141bfdcc83fc34c180d0^1,1076,Quantum,src/simulators/matrix_product_state/matrix_product_state_internal.cpp
Qiskit/qiskit-aer,759a01f43726d5146422141bfdcc83fc34c180d0,759a01f43726d5146422141bfdcc83fc34c180d0^1,1076,Quantum,src/simulators/matrix_product_state/matrix_product_state_internal.hpp
Qiskit/qiskit-aer,bd00cf0e317a262f9b5cc500a07505a8323bc792,bd00cf0e317a262f9b5cc500a07505a8323bc792^1,1092,Classical,src/controllers/aer_controller.hpp
Qiskit/qiskit-aer,bd00cf0e317a262f9b5cc500a07505a8323bc792,bd00cf0e317a262f9b5cc500a07505a8323bc792^1,1092,Classical,src/controllers/controller.hpp
Qiskit/qiskit-aer,bd00cf0e317a262f9b5cc500a07505a8323bc792,bd00cf0e317a262f9b5cc500a07505a8323bc792^1,1092,Classical,src/controllers/qasm_controller.hpp
Qiskit/qiskit-aer,bd00cf0e317a262f9b5cc500a07505a8323bc792,bd00cf0e317a262f9b5cc500a07505a8323bc792^1,1092,Classical,src/framework/utils.hpp
Qiskit/qiskit-aer,bd00cf0e317a262f9b5cc500a07505a8323bc792,bd00cf0e317a262f9b5cc500a07505a8323bc792^1,1092,Classical,src/simulators/density_matrix/densitymatrix_state_chunk.hpp
Qiskit/qiskit-aer,bd00cf0e317a262f9b5cc500a07505a8323bc792,bd00cf0e317a262f9b5cc500a07505a8323bc792^1,1092,Classical,src/simulators/state_chunk.hpp
Qiskit/qiskit-aer,bd00cf0e317a262f9b5cc500a07505a8323bc792,bd00cf0e317a262f9b5cc500a07505a8323bc792^1,1092,Classical,src/simulators/statevector/statevector_state_chunk.hpp
Qiskit/qiskit-aer,bd00cf0e317a262f9b5cc500a07505a8323bc792,bd00cf0e317a262f9b5cc500a07505a8323bc792^1,1092,Classical,src/transpile/cacheblocking.hpp
Qiskit/qiskit-aer,1cfa05e66c090ed6b57e7631b4935f2a7f5a6aad,1cfa05e66c090ed6b57e7631b4935f2a7f5a6aad^1,1096,Quantum,src/transpile/fusion.hpp
PennyLaneAI/pennylane,c0d269e5f1eba2f9d033bd9b6a79c10a11f4228a,c0d269e5f1eba2f9d033bd9b6a79c10a11f4228a^1,110,Classical,pennylane/devices/default_qubit_tf.py
ProjectQ-Framework/ProjectQ,722104c40e9526e92a71a2161cb5f2d8757bcbfe,722104c40e9526e92a71a2161cb5f2d8757bcbfe^1,1102,Classical,.coveralls.yml
ProjectQ-Framework/ProjectQ,722104c40e9526e92a71a2161cb5f2d8757bcbfe,722104c40e9526e92a71a2161cb5f2d8757bcbfe^1,1102,Classical,.travis.yml
ProjectQ-Framework/ProjectQ,722104c40e9526e92a71a2161cb5f2d8757bcbfe,722104c40e9526e92a71a2161cb5f2d8757bcbfe^1,1102,Classical,README.rst
ProjectQ-Framework/ProjectQ,722104c40e9526e92a71a2161cb5f2d8757bcbfe,722104c40e9526e92a71a2161cb5f2d8757bcbfe^1,1102,Classical,docs/conf.py
ProjectQ-Framework/ProjectQ,722104c40e9526e92a71a2161cb5f2d8757bcbfe,722104c40e9526e92a71a2161cb5f2d8757bcbfe^1,1102,Classical,docs/examples.rst
ProjectQ-Framework/ProjectQ,722104c40e9526e92a71a2161cb5f2d8757bcbfe,722104c40e9526e92a71a2161cb5f2d8757bcbfe^1,1102,Classical,docs/tutorials.rst
ProjectQ-Framework/ProjectQ,722104c40e9526e92a71a2161cb5f2d8757bcbfe,722104c40e9526e92a71a2161cb5f2d8757bcbfe^1,1102,Classical,projectq/_version.py
ProjectQ-Framework/ProjectQ,722104c40e9526e92a71a2161cb5f2d8757bcbfe,722104c40e9526e92a71a2161cb5f2d8757bcbfe^1,1102,Classical,projectq/backends/_ibm/_ibm_http_client.py
ProjectQ-Framework/ProjectQ,dd34daa10b91e68b89be14c6b375f869ac9d04a2,dd34daa10b91e68b89be14c6b375f869ac9d04a2^1,1105,Classical,projectq/types/_qubit.py
ProjectQ-Framework/ProjectQ,0e2113b64d616ec303bfff22a38af05a74583bbe,0e2113b64d616ec303bfff22a38af05a74583bbe^1,1107,Quantum,projectq/ops/_basics.py
ProjectQ-Framework/ProjectQ,0e2113b64d616ec303bfff22a38af05a74583bbe,0e2113b64d616ec303bfff22a38af05a74583bbe^1,1107,Quantum,projectq/ops/_metagates.py
ProjectQ-Framework/ProjectQ,75e7a7fefea232e61327e7d7a7b09345e494c655,75e7a7fefea232e61327e7d7a7b09345e494c655^1,1108,Classical,setup.py
ProjectQ-Framework/ProjectQ,81f94d479612418552d3b1d628d661dac6a1206c,81f94d479612418552d3b1d628d661dac6a1206c^1,1110,Classical,projectq/ops/_time_evolution.py
ProjectQ-Framework/ProjectQ,144c8d1cc06214ff4be2a4ed79d5fa9753c8265b,144c8d1cc06214ff4be2a4ed79d5fa9753c8265b^1,1111,Classical,projectq/meta/_loop.py
ProjectQ-Framework/ProjectQ,88e2f1823748a82d1f3ad5e877b3a9b1f2aa43ad,88e2f1823748a82d1f3ad5e877b3a9b1f2aa43ad^1,1112,Classical,docs/tutorials.rst
ProjectQ-Framework/ProjectQ,88e2f1823748a82d1f3ad5e877b3a9b1f2aa43ad,88e2f1823748a82d1f3ad5e877b3a9b1f2aa43ad^1,1112,Classical,setup.py
ProjectQ-Framework/ProjectQ,c703417beb3c97f73514d6f39320251a1c7dadab,c703417beb3c97f73514d6f39320251a1c7dadab^1,1115,Quantum,.travis.yml
ProjectQ-Framework/ProjectQ,c703417beb3c97f73514d6f39320251a1c7dadab,c703417beb3c97f73514d6f39320251a1c7dadab^1,1115,Quantum,README.rst
ProjectQ-Framework/ProjectQ,c703417beb3c97f73514d6f39320251a1c7dadab,c703417beb3c97f73514d6f39320251a1c7dadab^1,1115,Quantum,projectq/setups/decompositions/arb1qubit2rzandry.py
ProjectQ-Framework/ProjectQ,62d3fb11578a06131b0105b220651520b2a7338b,62d3fb11578a06131b0105b220651520b2a7338b^1,1116,Quantum,projectq/backends/_sim/_cppkernels/simulator.hpp
ProjectQ-Framework/ProjectQ,62d3fb11578a06131b0105b220651520b2a7338b,62d3fb11578a06131b0105b220651520b2a7338b^1,1116,Quantum,projectq/backends/_sim/_pysim.py
ProjectQ-Framework/ProjectQ,11f45873e20c2fa78fab2b59b5b460ac5f595fc6,11f45873e20c2fa78fab2b59b5b460ac5f595fc6^1,1118,Classical,docs/projectq.ops.rst
ProjectQ-Framework/ProjectQ,11f45873e20c2fa78fab2b59b5b460ac5f595fc6,11f45873e20c2fa78fab2b59b5b460ac5f595fc6^1,1118,Classical,projectq/setups/decompositions/stateprep2cnot.py
ProjectQ-Framework/ProjectQ,67ce24bd5d4aa06eb43c8e094c551c89567ef57d,67ce24bd5d4aa06eb43c8e094c551c89567ef57d^1,1121,Quantum,projectq/backends/_circuits/_drawer_matplotlib.py
ProjectQ-Framework/ProjectQ,67ce24bd5d4aa06eb43c8e094c551c89567ef57d,67ce24bd5d4aa06eb43c8e094c551c89567ef57d^1,1121,Quantum,projectq/backends/_circuits/_plot.py
ProjectQ-Framework/ProjectQ,6ef8a0eeb06267b27bbbe9207b71013e9cca65d4,6ef8a0eeb06267b27bbbe9207b71013e9cca65d4^1,1122,Classical,README.rst
ProjectQ-Framework/ProjectQ,6ef8a0eeb06267b27bbbe9207b71013e9cca65d4,6ef8a0eeb06267b27bbbe9207b71013e9cca65d4^1,1122,Classical,examples/aqt.py
ProjectQ-Framework/ProjectQ,6ef8a0eeb06267b27bbbe9207b71013e9cca65d4,6ef8a0eeb06267b27bbbe9207b71013e9cca65d4^1,1122,Classical,examples/ibm.py
ProjectQ-Framework/ProjectQ,c15f3b25dd2efc426507360a19b6b1dded2ec37e,c15f3b25dd2efc426507360a19b6b1dded2ec37e^1,1123,Classical,setup.py
ProjectQ-Framework/ProjectQ,1c07475ad9dbc30baedddf78fddafa96112ffcdc,1c07475ad9dbc30baedddf78fddafa96112ffcdc^1,1126,Quantum,.pre-commit-config.yaml
ProjectQ-Framework/ProjectQ,1c07475ad9dbc30baedddf78fddafa96112ffcdc,1c07475ad9dbc30baedddf78fddafa96112ffcdc^1,1126,Quantum,CHANGELOG.md
ProjectQ-Framework/ProjectQ,1c07475ad9dbc30baedddf78fddafa96112ffcdc,1c07475ad9dbc30baedddf78fddafa96112ffcdc^1,1126,Quantum,docs/conf.py
ProjectQ-Framework/ProjectQ,1c07475ad9dbc30baedddf78fddafa96112ffcdc,1c07475ad9dbc30baedddf78fddafa96112ffcdc^1,1126,Quantum,docs/package_description.py
ProjectQ-Framework/ProjectQ,1c07475ad9dbc30baedddf78fddafa96112ffcdc,1c07475ad9dbc30baedddf78fddafa96112ffcdc^1,1126,Quantum,examples/aqt.py
ProjectQ-Framework/ProjectQ,1c07475ad9dbc30baedddf78fddafa96112ffcdc,1c07475ad9dbc30baedddf78fddafa96112ffcdc^1,1126,Quantum,examples/bellpair_circuit.py
ProjectQ-Framework/ProjectQ,1c07475ad9dbc30baedddf78fddafa96112ffcdc,1c07475ad9dbc30baedddf78fddafa96112ffcdc^1,1126,Quantum,examples/gate_zoo.py
ProjectQ-Framework/ProjectQ,1c07475ad9dbc30baedddf78fddafa96112ffcdc,1c07475ad9dbc30baedddf78fddafa96112ffcdc^1,1126,Quantum,examples/grover.py
ProjectQ-Framework/ProjectQ,1c07475ad9dbc30baedddf78fddafa96112ffcdc,1c07475ad9dbc30baedddf78fddafa96112ffcdc^1,1126,Quantum,examples/hws4.py
ProjectQ-Framework/ProjectQ,1c07475ad9dbc30baedddf78fddafa96112ffcdc,1c07475ad9dbc30baedddf78fddafa96112ffcdc^1,1126,Quantum,examples/hws6.py
ProjectQ-Framework/ProjectQ,1c07475ad9dbc30baedddf78fddafa96112ffcdc,1c07475ad9dbc30baedddf78fddafa96112ffcdc^1,1126,Quantum,examples/ibm.py
ProjectQ-Framework/ProjectQ,1c07475ad9dbc30baedddf78fddafa96112ffcdc,1c07475ad9dbc30baedddf78fddafa96112ffcdc^1,1126,Quantum,examples/ionq.py
ProjectQ-Framework/ProjectQ,1c07475ad9dbc30baedddf78fddafa96112ffcdc,1c07475ad9dbc30baedddf78fddafa96112ffcdc^1,1126,Quantum,examples/ionq_bv.py
ProjectQ-Framework/ProjectQ,1c07475ad9dbc30baedddf78fddafa96112ffcdc,1c07475ad9dbc30baedddf78fddafa96112ffcdc^1,1126,Quantum,examples/ionq_half_adder.py
ProjectQ-Framework/ProjectQ,1c07475ad9dbc30baedddf78fddafa96112ffcdc,1c07475ad9dbc30baedddf78fddafa96112ffcdc^1,1126,Quantum,examples/quantum_random_numbers.py
ProjectQ-Framework/ProjectQ,1c07475ad9dbc30baedddf78fddafa96112ffcdc,1c07475ad9dbc30baedddf78fddafa96112ffcdc^1,1126,Quantum,examples/quantum_random_numbers_ibm.py
ProjectQ-Framework/ProjectQ,1c07475ad9dbc30baedddf78fddafa96112ffcdc,1c07475ad9dbc30baedddf78fddafa96112ffcdc^1,1126,Quantum,examples/shor.py
ProjectQ-Framework/ProjectQ,1c07475ad9dbc30baedddf78fddafa96112ffcdc,1c07475ad9dbc30baedddf78fddafa96112ffcdc^1,1126,Quantum,examples/teleport.py
ProjectQ-Framework/ProjectQ,1c07475ad9dbc30baedddf78fddafa96112ffcdc,1c07475ad9dbc30baedddf78fddafa96112ffcdc^1,1126,Quantum,examples/teleport_circuit.py
ProjectQ-Framework/ProjectQ,1c07475ad9dbc30baedddf78fddafa96112ffcdc,1c07475ad9dbc30baedddf78fddafa96112ffcdc^1,1126,Quantum,examples/unitary_simulator.py
ProjectQ-Framework/ProjectQ,1c07475ad9dbc30baedddf78fddafa96112ffcdc,1c07475ad9dbc30baedddf78fddafa96112ffcdc^1,1126,Quantum,projectq/backends/__init__.py
ProjectQ-Framework/ProjectQ,1c07475ad9dbc30baedddf78fddafa96112ffcdc,1c07475ad9dbc30baedddf78fddafa96112ffcdc^1,1126,Quantum,projectq/backends/_aqt/_aqt.py
ProjectQ-Framework/ProjectQ,1c07475ad9dbc30baedddf78fddafa96112ffcdc,1c07475ad9dbc30baedddf78fddafa96112ffcdc^1,1126,Quantum,projectq/backends/_aqt/_aqt_http_client.py
ProjectQ-Framework/ProjectQ,1c07475ad9dbc30baedddf78fddafa96112ffcdc,1c07475ad9dbc30baedddf78fddafa96112ffcdc^1,1126,Quantum,projectq/backends/_awsbraket/_awsbraket.py
ProjectQ-Framework/ProjectQ,1c07475ad9dbc30baedddf78fddafa96112ffcdc,1c07475ad9dbc30baedddf78fddafa96112ffcdc^1,1126,Quantum,projectq/backends/_awsbraket/_awsbraket_boto3_client.py
ProjectQ-Framework/ProjectQ,1c07475ad9dbc30baedddf78fddafa96112ffcdc,1c07475ad9dbc30baedddf78fddafa96112ffcdc^1,1126,Quantum,projectq/backends/_circuits/__init__.py
ProjectQ-Framework/ProjectQ,1c07475ad9dbc30baedddf78fddafa96112ffcdc,1c07475ad9dbc30baedddf78fddafa96112ffcdc^1,1126,Quantum,projectq/backends/_circuits/_drawer.py
ProjectQ-Framework/ProjectQ,1c07475ad9dbc30baedddf78fddafa96112ffcdc,1c07475ad9dbc30baedddf78fddafa96112ffcdc^1,1126,Quantum,projectq/backends/_circuits/_drawer_matplotlib.py
ProjectQ-Framework/ProjectQ,1c07475ad9dbc30baedddf78fddafa96112ffcdc,1c07475ad9dbc30baedddf78fddafa96112ffcdc^1,1126,Quantum,projectq/backends/_circuits/_plot.py
ProjectQ-Framework/ProjectQ,1c07475ad9dbc30baedddf78fddafa96112ffcdc,1c07475ad9dbc30baedddf78fddafa96112ffcdc^1,1126,Quantum,projectq/backends/_circuits/_to_latex.py
ProjectQ-Framework/ProjectQ,1c07475ad9dbc30baedddf78fddafa96112ffcdc,1c07475ad9dbc30baedddf78fddafa96112ffcdc^1,1126,Quantum,projectq/backends/_exceptions.py
ProjectQ-Framework/ProjectQ,1c07475ad9dbc30baedddf78fddafa96112ffcdc,1c07475ad9dbc30baedddf78fddafa96112ffcdc^1,1126,Quantum,projectq/backends/_ibm/_ibm.py
ProjectQ-Framework/ProjectQ,1c07475ad9dbc30baedddf78fddafa96112ffcdc,1c07475ad9dbc30baedddf78fddafa96112ffcdc^1,1126,Quantum,projectq/backends/_ibm/_ibm_http_client.py
ProjectQ-Framework/ProjectQ,1c07475ad9dbc30baedddf78fddafa96112ffcdc,1c07475ad9dbc30baedddf78fddafa96112ffcdc^1,1126,Quantum,projectq/backends/_ionq/_ionq.py
ProjectQ-Framework/ProjectQ,1c07475ad9dbc30baedddf78fddafa96112ffcdc,1c07475ad9dbc30baedddf78fddafa96112ffcdc^1,1126,Quantum,projectq/backends/_ionq/_ionq_exc.py
ProjectQ-Framework/ProjectQ,1c07475ad9dbc30baedddf78fddafa96112ffcdc,1c07475ad9dbc30baedddf78fddafa96112ffcdc^1,1126,Quantum,projectq/backends/_ionq/_ionq_http_client.py
ProjectQ-Framework/ProjectQ,1c07475ad9dbc30baedddf78fddafa96112ffcdc,1c07475ad9dbc30baedddf78fddafa96112ffcdc^1,1126,Quantum,projectq/backends/_ionq/_ionq_mapper.py
ProjectQ-Framework/ProjectQ,1c07475ad9dbc30baedddf78fddafa96112ffcdc,1c07475ad9dbc30baedddf78fddafa96112ffcdc^1,1126,Quantum,projectq/backends/_printer.py
ProjectQ-Framework/ProjectQ,1c07475ad9dbc30baedddf78fddafa96112ffcdc,1c07475ad9dbc30baedddf78fddafa96112ffcdc^1,1126,Quantum,projectq/backends/_resource.py
ProjectQ-Framework/ProjectQ,1c07475ad9dbc30baedddf78fddafa96112ffcdc,1c07475ad9dbc30baedddf78fddafa96112ffcdc^1,1126,Quantum,projectq/backends/_sim/__init__.py
ProjectQ-Framework/ProjectQ,1c07475ad9dbc30baedddf78fddafa96112ffcdc,1c07475ad9dbc30baedddf78fddafa96112ffcdc^1,1126,Quantum,projectq/backends/_sim/_classical_simulator.py
ProjectQ-Framework/ProjectQ,1c07475ad9dbc30baedddf78fddafa96112ffcdc,1c07475ad9dbc30baedddf78fddafa96112ffcdc^1,1126,Quantum,projectq/backends/_sim/_pysim.py
ProjectQ-Framework/ProjectQ,1c07475ad9dbc30baedddf78fddafa96112ffcdc,1c07475ad9dbc30baedddf78fddafa96112ffcdc^1,1126,Quantum,projectq/backends/_sim/_simulator.py
ProjectQ-Framework/ProjectQ,1c07475ad9dbc30baedddf78fddafa96112ffcdc,1c07475ad9dbc30baedddf78fddafa96112ffcdc^1,1126,Quantum,projectq/backends/_unitary.py
ProjectQ-Framework/ProjectQ,1c07475ad9dbc30baedddf78fddafa96112ffcdc,1c07475ad9dbc30baedddf78fddafa96112ffcdc^1,1126,Quantum,projectq/cengines/__init__.py
ProjectQ-Framework/ProjectQ,1c07475ad9dbc30baedddf78fddafa96112ffcdc,1c07475ad9dbc30baedddf78fddafa96112ffcdc^1,1126,Quantum,projectq/cengines/_basicmapper.py
ProjectQ-Framework/ProjectQ,1c07475ad9dbc30baedddf78fddafa96112ffcdc,1c07475ad9dbc30baedddf78fddafa96112ffcdc^1,1126,Quantum,projectq/cengines/_basics.py
ProjectQ-Framework/ProjectQ,1c07475ad9dbc30baedddf78fddafa96112ffcdc,1c07475ad9dbc30baedddf78fddafa96112ffcdc^1,1126,Quantum,projectq/cengines/_cmdmodifier.py
ProjectQ-Framework/ProjectQ,1c07475ad9dbc30baedddf78fddafa96112ffcdc,1c07475ad9dbc30baedddf78fddafa96112ffcdc^1,1126,Quantum,projectq/cengines/_ibm5qubitmapper.py
ProjectQ-Framework/ProjectQ,1c07475ad9dbc30baedddf78fddafa96112ffcdc,1c07475ad9dbc30baedddf78fddafa96112ffcdc^1,1126,Quantum,projectq/cengines/_linearmapper.py
ProjectQ-Framework/ProjectQ,1c07475ad9dbc30baedddf78fddafa96112ffcdc,1c07475ad9dbc30baedddf78fddafa96112ffcdc^1,1126,Quantum,projectq/cengines/_main.py
ProjectQ-Framework/ProjectQ,1c07475ad9dbc30baedddf78fddafa96112ffcdc,1c07475ad9dbc30baedddf78fddafa96112ffcdc^1,1126,Quantum,projectq/cengines/_manualmapper.py
ProjectQ-Framework/ProjectQ,1c07475ad9dbc30baedddf78fddafa96112ffcdc,1c07475ad9dbc30baedddf78fddafa96112ffcdc^1,1126,Quantum,projectq/cengines/_optimize.py
ProjectQ-Framework/ProjectQ,1c07475ad9dbc30baedddf78fddafa96112ffcdc,1c07475ad9dbc30baedddf78fddafa96112ffcdc^1,1126,Quantum,projectq/cengines/_replacer/_decomposition_rule.py
ProjectQ-Framework/ProjectQ,1c07475ad9dbc30baedddf78fddafa96112ffcdc,1c07475ad9dbc30baedddf78fddafa96112ffcdc^1,1126,Quantum,projectq/cengines/_replacer/_decomposition_rule_set.py
ProjectQ-Framework/ProjectQ,1c07475ad9dbc30baedddf78fddafa96112ffcdc,1c07475ad9dbc30baedddf78fddafa96112ffcdc^1,1126,Quantum,projectq/cengines/_replacer/_replacer.py
ProjectQ-Framework/ProjectQ,1c07475ad9dbc30baedddf78fddafa96112ffcdc,1c07475ad9dbc30baedddf78fddafa96112ffcdc^1,1126,Quantum,projectq/cengines/_swapandcnotflipper.py
ProjectQ-Framework/ProjectQ,1c07475ad9dbc30baedddf78fddafa96112ffcdc,1c07475ad9dbc30baedddf78fddafa96112ffcdc^1,1126,Quantum,projectq/cengines/_tagremover.py
ProjectQ-Framework/ProjectQ,1c07475ad9dbc30baedddf78fddafa96112ffcdc,1c07475ad9dbc30baedddf78fddafa96112ffcdc^1,1126,Quantum,projectq/cengines/_twodmapper.py
ProjectQ-Framework/ProjectQ,1c07475ad9dbc30baedddf78fddafa96112ffcdc,1c07475ad9dbc30baedddf78fddafa96112ffcdc^1,1126,Quantum,projectq/libs/hist/_histogram.py
ProjectQ-Framework/ProjectQ,1c07475ad9dbc30baedddf78fddafa96112ffcdc,1c07475ad9dbc30baedddf78fddafa96112ffcdc^1,1126,Quantum,projectq/libs/math/__init__.py
ProjectQ-Framework/ProjectQ,1c07475ad9dbc30baedddf78fddafa96112ffcdc,1c07475ad9dbc30baedddf78fddafa96112ffcdc^1,1126,Quantum,projectq/libs/math/_constantmath.py
ProjectQ-Framework/ProjectQ,1c07475ad9dbc30baedddf78fddafa96112ffcdc,1c07475ad9dbc30baedddf78fddafa96112ffcdc^1,1126,Quantum,projectq/libs/math/_default_rules.py
ProjectQ-Framework/ProjectQ,1c07475ad9dbc30baedddf78fddafa96112ffcdc,1c07475ad9dbc30baedddf78fddafa96112ffcdc^1,1126,Quantum,projectq/libs/math/_gates.py
ProjectQ-Framework/ProjectQ,1c07475ad9dbc30baedddf78fddafa96112ffcdc,1c07475ad9dbc30baedddf78fddafa96112ffcdc^1,1126,Quantum,projectq/libs/math/_quantummath.py
ProjectQ-Framework/ProjectQ,1c07475ad9dbc30baedddf78fddafa96112ffcdc,1c07475ad9dbc30baedddf78fddafa96112ffcdc^1,1126,Quantum,projectq/libs/revkit/__init__.py
ProjectQ-Framework/ProjectQ,1c07475ad9dbc30baedddf78fddafa96112ffcdc,1c07475ad9dbc30baedddf78fddafa96112ffcdc^1,1126,Quantum,projectq/libs/revkit/_control_function.py
ProjectQ-Framework/ProjectQ,1c07475ad9dbc30baedddf78fddafa96112ffcdc,1c07475ad9dbc30baedddf78fddafa96112ffcdc^1,1126,Quantum,projectq/libs/revkit/_permutation.py
ProjectQ-Framework/ProjectQ,1c07475ad9dbc30baedddf78fddafa96112ffcdc,1c07475ad9dbc30baedddf78fddafa96112ffcdc^1,1126,Quantum,projectq/libs/revkit/_phase.py
ProjectQ-Framework/ProjectQ,1c07475ad9dbc30baedddf78fddafa96112ffcdc,1c07475ad9dbc30baedddf78fddafa96112ffcdc^1,1126,Quantum,projectq/libs/revkit/_utils.py
ProjectQ-Framework/ProjectQ,1c07475ad9dbc30baedddf78fddafa96112ffcdc,1c07475ad9dbc30baedddf78fddafa96112ffcdc^1,1126,Quantum,projectq/meta/__init__.py
ProjectQ-Framework/ProjectQ,1c07475ad9dbc30baedddf78fddafa96112ffcdc,1c07475ad9dbc30baedddf78fddafa96112ffcdc^1,1126,Quantum,projectq/meta/_compute.py
ProjectQ-Framework/ProjectQ,1c07475ad9dbc30baedddf78fddafa96112ffcdc,1c07475ad9dbc30baedddf78fddafa96112ffcdc^1,1126,Quantum,projectq/meta/_control.py
ProjectQ-Framework/ProjectQ,1c07475ad9dbc30baedddf78fddafa96112ffcdc,1c07475ad9dbc30baedddf78fddafa96112ffcdc^1,1126,Quantum,projectq/meta/_dagger.py
ProjectQ-Framework/ProjectQ,1c07475ad9dbc30baedddf78fddafa96112ffcdc,1c07475ad9dbc30baedddf78fddafa96112ffcdc^1,1126,Quantum,projectq/meta/_dirtyqubit.py
ProjectQ-Framework/ProjectQ,1c07475ad9dbc30baedddf78fddafa96112ffcdc,1c07475ad9dbc30baedddf78fddafa96112ffcdc^1,1126,Quantum,projectq/meta/_exceptions.py
ProjectQ-Framework/ProjectQ,1c07475ad9dbc30baedddf78fddafa96112ffcdc,1c07475ad9dbc30baedddf78fddafa96112ffcdc^1,1126,Quantum,projectq/meta/_logicalqubit.py
ProjectQ-Framework/ProjectQ,1c07475ad9dbc30baedddf78fddafa96112ffcdc,1c07475ad9dbc30baedddf78fddafa96112ffcdc^1,1126,Quantum,projectq/meta/_loop.py
ProjectQ-Framework/ProjectQ,1c07475ad9dbc30baedddf78fddafa96112ffcdc,1c07475ad9dbc30baedddf78fddafa96112ffcdc^1,1126,Quantum,projectq/meta/_util.py
ProjectQ-Framework/ProjectQ,1c07475ad9dbc30baedddf78fddafa96112ffcdc,1c07475ad9dbc30baedddf78fddafa96112ffcdc^1,1126,Quantum,projectq/ops/__init__.py
ProjectQ-Framework/ProjectQ,1c07475ad9dbc30baedddf78fddafa96112ffcdc,1c07475ad9dbc30baedddf78fddafa96112ffcdc^1,1126,Quantum,projectq/ops/_basics.py
ProjectQ-Framework/ProjectQ,1c07475ad9dbc30baedddf78fddafa96112ffcdc,1c07475ad9dbc30baedddf78fddafa96112ffcdc^1,1126,Quantum,projectq/ops/_command.py
ProjectQ-Framework/ProjectQ,1c07475ad9dbc30baedddf78fddafa96112ffcdc,1c07475ad9dbc30baedddf78fddafa96112ffcdc^1,1126,Quantum,projectq/ops/_gates.py
ProjectQ-Framework/ProjectQ,1c07475ad9dbc30baedddf78fddafa96112ffcdc,1c07475ad9dbc30baedddf78fddafa96112ffcdc^1,1126,Quantum,projectq/ops/_metagates.py
ProjectQ-Framework/ProjectQ,1c07475ad9dbc30baedddf78fddafa96112ffcdc,1c07475ad9dbc30baedddf78fddafa96112ffcdc^1,1126,Quantum,projectq/ops/_qaagate.py
ProjectQ-Framework/ProjectQ,1c07475ad9dbc30baedddf78fddafa96112ffcdc,1c07475ad9dbc30baedddf78fddafa96112ffcdc^1,1126,Quantum,projectq/ops/_qftgate.py
ProjectQ-Framework/ProjectQ,1c07475ad9dbc30baedddf78fddafa96112ffcdc,1c07475ad9dbc30baedddf78fddafa96112ffcdc^1,1126,Quantum,projectq/ops/_qpegate.py
ProjectQ-Framework/ProjectQ,1c07475ad9dbc30baedddf78fddafa96112ffcdc,1c07475ad9dbc30baedddf78fddafa96112ffcdc^1,1126,Quantum,projectq/ops/_qubit_operator.py
ProjectQ-Framework/ProjectQ,1c07475ad9dbc30baedddf78fddafa96112ffcdc,1c07475ad9dbc30baedddf78fddafa96112ffcdc^1,1126,Quantum,projectq/ops/_shortcuts.py
ProjectQ-Framework/ProjectQ,1c07475ad9dbc30baedddf78fddafa96112ffcdc,1c07475ad9dbc30baedddf78fddafa96112ffcdc^1,1126,Quantum,projectq/ops/_state_prep.py
ProjectQ-Framework/ProjectQ,1c07475ad9dbc30baedddf78fddafa96112ffcdc,1c07475ad9dbc30baedddf78fddafa96112ffcdc^1,1126,Quantum,projectq/ops/_time_evolution.py
ProjectQ-Framework/ProjectQ,1c07475ad9dbc30baedddf78fddafa96112ffcdc,1c07475ad9dbc30baedddf78fddafa96112ffcdc^1,1126,Quantum,projectq/ops/_uniformly_controlled_rotation.py
ProjectQ-Framework/ProjectQ,1c07475ad9dbc30baedddf78fddafa96112ffcdc,1c07475ad9dbc30baedddf78fddafa96112ffcdc^1,1126,Quantum,projectq/setups/_utils.py
ProjectQ-Framework/ProjectQ,1c07475ad9dbc30baedddf78fddafa96112ffcdc,1c07475ad9dbc30baedddf78fddafa96112ffcdc^1,1126,Quantum,projectq/setups/aqt.py
ProjectQ-Framework/ProjectQ,1c07475ad9dbc30baedddf78fddafa96112ffcdc,1c07475ad9dbc30baedddf78fddafa96112ffcdc^1,1126,Quantum,projectq/setups/awsbraket.py
ProjectQ-Framework/ProjectQ,1c07475ad9dbc30baedddf78fddafa96112ffcdc,1c07475ad9dbc30baedddf78fddafa96112ffcdc^1,1126,Quantum,projectq/setups/decompositions/__init__.py
ProjectQ-Framework/ProjectQ,1c07475ad9dbc30baedddf78fddafa96112ffcdc,1c07475ad9dbc30baedddf78fddafa96112ffcdc^1,1126,Quantum,projectq/setups/decompositions/amplitudeamplification.py
ProjectQ-Framework/ProjectQ,1c07475ad9dbc30baedddf78fddafa96112ffcdc,1c07475ad9dbc30baedddf78fddafa96112ffcdc^1,1126,Quantum,projectq/setups/decompositions/arb1qubit2rzandry.py
ProjectQ-Framework/ProjectQ,1c07475ad9dbc30baedddf78fddafa96112ffcdc,1c07475ad9dbc30baedddf78fddafa96112ffcdc^1,1126,Quantum,projectq/setups/decompositions/carb1qubit2cnotrzandry.py
ProjectQ-Framework/ProjectQ,1c07475ad9dbc30baedddf78fddafa96112ffcdc,1c07475ad9dbc30baedddf78fddafa96112ffcdc^1,1126,Quantum,projectq/setups/decompositions/cnot2cz.py
ProjectQ-Framework/ProjectQ,1c07475ad9dbc30baedddf78fddafa96112ffcdc,1c07475ad9dbc30baedddf78fddafa96112ffcdc^1,1126,Quantum,projectq/setups/decompositions/cnot2rxx.py
ProjectQ-Framework/ProjectQ,1c07475ad9dbc30baedddf78fddafa96112ffcdc,1c07475ad9dbc30baedddf78fddafa96112ffcdc^1,1126,Quantum,projectq/setups/decompositions/cnu2toffoliandcu.py
ProjectQ-Framework/ProjectQ,1c07475ad9dbc30baedddf78fddafa96112ffcdc,1c07475ad9dbc30baedddf78fddafa96112ffcdc^1,1126,Quantum,projectq/setups/decompositions/controlstate.py
ProjectQ-Framework/ProjectQ,1c07475ad9dbc30baedddf78fddafa96112ffcdc,1c07475ad9dbc30baedddf78fddafa96112ffcdc^1,1126,Quantum,projectq/setups/decompositions/crz2cxandrz.py
ProjectQ-Framework/ProjectQ,1c07475ad9dbc30baedddf78fddafa96112ffcdc,1c07475ad9dbc30baedddf78fddafa96112ffcdc^1,1126,Quantum,projectq/setups/decompositions/entangle.py
ProjectQ-Framework/ProjectQ,1c07475ad9dbc30baedddf78fddafa96112ffcdc,1c07475ad9dbc30baedddf78fddafa96112ffcdc^1,1126,Quantum,projectq/setups/decompositions/h2rx.py
ProjectQ-Framework/ProjectQ,1c07475ad9dbc30baedddf78fddafa96112ffcdc,1c07475ad9dbc30baedddf78fddafa96112ffcdc^1,1126,Quantum,projectq/setups/decompositions/phaseestimation.py
ProjectQ-Framework/ProjectQ,1c07475ad9dbc30baedddf78fddafa96112ffcdc,1c07475ad9dbc30baedddf78fddafa96112ffcdc^1,1126,Quantum,projectq/setups/decompositions/qft2crandhadamard.py
ProjectQ-Framework/ProjectQ,1c07475ad9dbc30baedddf78fddafa96112ffcdc,1c07475ad9dbc30baedddf78fddafa96112ffcdc^1,1126,Quantum,projectq/setups/decompositions/qubitop2onequbit.py
ProjectQ-Framework/ProjectQ,1c07475ad9dbc30baedddf78fddafa96112ffcdc,1c07475ad9dbc30baedddf78fddafa96112ffcdc^1,1126,Quantum,projectq/setups/decompositions/r2rzandph.py
ProjectQ-Framework/ProjectQ,1c07475ad9dbc30baedddf78fddafa96112ffcdc,1c07475ad9dbc30baedddf78fddafa96112ffcdc^1,1126,Quantum,projectq/setups/decompositions/rx2rz.py
ProjectQ-Framework/ProjectQ,1c07475ad9dbc30baedddf78fddafa96112ffcdc,1c07475ad9dbc30baedddf78fddafa96112ffcdc^1,1126,Quantum,projectq/setups/decompositions/ry2rz.py
ProjectQ-Framework/ProjectQ,1c07475ad9dbc30baedddf78fddafa96112ffcdc,1c07475ad9dbc30baedddf78fddafa96112ffcdc^1,1126,Quantum,projectq/setups/decompositions/rz2rx.py
ProjectQ-Framework/ProjectQ,1c07475ad9dbc30baedddf78fddafa96112ffcdc,1c07475ad9dbc30baedddf78fddafa96112ffcdc^1,1126,Quantum,projectq/setups/decompositions/sqrtswap2cnot.py
ProjectQ-Framework/ProjectQ,1c07475ad9dbc30baedddf78fddafa96112ffcdc,1c07475ad9dbc30baedddf78fddafa96112ffcdc^1,1126,Quantum,projectq/setups/decompositions/stateprep2cnot.py
ProjectQ-Framework/ProjectQ,1c07475ad9dbc30baedddf78fddafa96112ffcdc,1c07475ad9dbc30baedddf78fddafa96112ffcdc^1,1126,Quantum,projectq/setups/decompositions/swap2cnot.py
ProjectQ-Framework/ProjectQ,1c07475ad9dbc30baedddf78fddafa96112ffcdc,1c07475ad9dbc30baedddf78fddafa96112ffcdc^1,1126,Quantum,projectq/setups/decompositions/time_evolution.py
ProjectQ-Framework/ProjectQ,1c07475ad9dbc30baedddf78fddafa96112ffcdc,1c07475ad9dbc30baedddf78fddafa96112ffcdc^1,1126,Quantum,projectq/setups/decompositions/toffoli2cnotandtgate.py
ProjectQ-Framework/ProjectQ,1c07475ad9dbc30baedddf78fddafa96112ffcdc,1c07475ad9dbc30baedddf78fddafa96112ffcdc^1,1126,Quantum,projectq/setups/decompositions/uniformlycontrolledr2cnot.py
ProjectQ-Framework/ProjectQ,1c07475ad9dbc30baedddf78fddafa96112ffcdc,1c07475ad9dbc30baedddf78fddafa96112ffcdc^1,1126,Quantum,projectq/setups/default.py
ProjectQ-Framework/ProjectQ,1c07475ad9dbc30baedddf78fddafa96112ffcdc,1c07475ad9dbc30baedddf78fddafa96112ffcdc^1,1126,Quantum,projectq/setups/grid.py
ProjectQ-Framework/ProjectQ,1c07475ad9dbc30baedddf78fddafa96112ffcdc,1c07475ad9dbc30baedddf78fddafa96112ffcdc^1,1126,Quantum,projectq/setups/ibm.py
ProjectQ-Framework/ProjectQ,1c07475ad9dbc30baedddf78fddafa96112ffcdc,1c07475ad9dbc30baedddf78fddafa96112ffcdc^1,1126,Quantum,projectq/setups/ionq.py
ProjectQ-Framework/ProjectQ,1c07475ad9dbc30baedddf78fddafa96112ffcdc,1c07475ad9dbc30baedddf78fddafa96112ffcdc^1,1126,Quantum,projectq/setups/linear.py
ProjectQ-Framework/ProjectQ,1c07475ad9dbc30baedddf78fddafa96112ffcdc,1c07475ad9dbc30baedddf78fddafa96112ffcdc^1,1126,Quantum,projectq/setups/restrictedgateset.py
ProjectQ-Framework/ProjectQ,1c07475ad9dbc30baedddf78fddafa96112ffcdc,1c07475ad9dbc30baedddf78fddafa96112ffcdc^1,1126,Quantum,projectq/setups/trapped_ion_decomposer.py
ProjectQ-Framework/ProjectQ,1c07475ad9dbc30baedddf78fddafa96112ffcdc,1c07475ad9dbc30baedddf78fddafa96112ffcdc^1,1126,Quantum,projectq/types/_qubit.py
ProjectQ-Framework/ProjectQ,1c07475ad9dbc30baedddf78fddafa96112ffcdc,1c07475ad9dbc30baedddf78fddafa96112ffcdc^1,1126,Quantum,pyproject.toml
ProjectQ-Framework/ProjectQ,1c07475ad9dbc30baedddf78fddafa96112ffcdc,1c07475ad9dbc30baedddf78fddafa96112ffcdc^1,1126,Quantum,setup.cfg
ProjectQ-Framework/ProjectQ,1c07475ad9dbc30baedddf78fddafa96112ffcdc,1c07475ad9dbc30baedddf78fddafa96112ffcdc^1,1126,Quantum,setup.py
microsoft/QuantumLibraries,cbf36bc4d8efcac9f4f20bbbc2b87ca302611c91,cbf36bc4d8efcac9f4f20bbbc2b87ca302611c91^1,1139,Classical,Canon/src/Math/Random.qs
microsoft/QuantumLibraries,1c8620c10cfbf016d315668e22766c091502eea4,1c8620c10cfbf016d315668e22766c091502eea4^1,1156,Quantum,Standard/src/Arithmetic/Integer.qs
microsoft/qsharp-compiler,979c3ddb9e58e23dfa3f9ccf75c69b94041934aa,979c3ddb9e58e23dfa3f9ccf75c69b94041934aa^1,1175,Classical,src/QsCompiler/DataStructures/SyntaxExtensions.fs
microsoft/qsharp-compiler,7173815bb77d20b7cc7a342e8569b77b5e79e612,7173815bb77d20b7cc7a342e8569b77b5e79e612^1,1178,Quantum,src/QsCompiler/Compiler/CompilationLoader.cs
microsoft/qsharp-compiler,34a8c0b0903005d5d9a89b67ef0deec65cb6f0fd,34a8c0b0903005d5d9a89b67ef0deec65cb6f0fd^1,1195,Classical,build/build.ps1
microsoft/qsharp-compiler,34a8c0b0903005d5d9a89b67ef0deec65cb6f0fd,34a8c0b0903005d5d9a89b67ef0deec65cb6f0fd^1,1195,Classical,build/pack.ps1
microsoft/qsharp-compiler,b1c3ec68f4bfae42eaaa3e2026f077332cccfa04,b1c3ec68f4bfae42eaaa3e2026f077332cccfa04^1,1212,Classical,build/manifest.ps1
microsoft/qsharp-compiler,b1c3ec68f4bfae42eaaa3e2026f077332cccfa04,b1c3ec68f4bfae42eaaa3e2026f077332cccfa04^1,1212,Classical,build/pack-extensions.ps1
microsoft/qsharp-compiler,b1c3ec68f4bfae42eaaa3e2026f077332cccfa04,b1c3ec68f4bfae42eaaa3e2026f077332cccfa04^1,1212,Classical,build/pack.ps1
microsoft/qsharp-compiler,cb553b73f02833f7e9c74fa83ca787b1c0a7e603,cb553b73f02833f7e9c74fa83ca787b1c0a7e603^1,1216,Quantum,src/QsCompiler/Transformations/ClassicallyControlled.cs
microsoft/qsharp-compiler,c2f8e0e712fc698d93ef9b4991444874a7c04b50,c2f8e0e712fc698d93ef9b4991444874a7c04b50^1,1217,Quantum,src/QsCompiler/Transformations/CallGraph/ConcreteCallGraphWalker.cs
microsoft/qsharp-compiler,c2f8e0e712fc698d93ef9b4991444874a7c04b50,c2f8e0e712fc698d93ef9b4991444874a7c04b50^1,1217,Quantum,src/QsCompiler/Transformations/Monomorphization.cs
microsoft/qsharp-compiler,d2f3de6cd0fd072569fc125cfe89941b0a40c968,d2f3de6cd0fd072569fc125cfe89941b0a40c968^1,1220,Quantum,src/QsCompiler/Transformations/Monomorphization.cs
microsoft/qsharp-compiler,3ffd626b249f836369054cc1aa9e5d2f8aadfe0b,3ffd626b249f836369054cc1aa9e5d2f8aadfe0b^1,1221,Classical,src/QsCompiler/CommandLineTool/Logging.cs
microsoft/qsharp-compiler,3ffd626b249f836369054cc1aa9e5d2f8aadfe0b,3ffd626b249f836369054cc1aa9e5d2f8aadfe0b^1,1221,Classical,src/QsCompiler/CompilationManager/CompilationManager.csproj
microsoft/qsharp-compiler,3ffd626b249f836369054cc1aa9e5d2f8aadfe0b,3ffd626b249f836369054cc1aa9e5d2f8aadfe0b^1,1221,Classical,src/QsCompiler/CompilationManager/DiagnosticTools.cs
microsoft/qsharp-compiler,3ffd626b249f836369054cc1aa9e5d2f8aadfe0b,3ffd626b249f836369054cc1aa9e5d2f8aadfe0b^1,1221,Classical,src/QsCompiler/CompilationManager/Diagnostics.cs
microsoft/qsharp-compiler,3ffd626b249f836369054cc1aa9e5d2f8aadfe0b,3ffd626b249f836369054cc1aa9e5d2f8aadfe0b^1,1221,Classical,src/QsCompiler/CompilationManager/EditorSupport/CodeCompletion.cs
microsoft/qsharp-compiler,3ffd626b249f836369054cc1aa9e5d2f8aadfe0b,3ffd626b249f836369054cc1aa9e5d2f8aadfe0b^1,1221,Classical,src/QsCompiler/CompilationManager/EditorSupport/EditorCommands.cs
microsoft/qsharp-compiler,3ffd626b249f836369054cc1aa9e5d2f8aadfe0b,3ffd626b249f836369054cc1aa9e5d2f8aadfe0b^1,1221,Classical,src/QsCompiler/CompilationManager/EditorSupport/SymbolInformation.cs
microsoft/qsharp-compiler,3ffd626b249f836369054cc1aa9e5d2f8aadfe0b,3ffd626b249f836369054cc1aa9e5d2f8aadfe0b^1,1221,Classical,src/QsCompiler/CompilationManager/ProjectManager.cs
microsoft/qsharp-compiler,3ffd626b249f836369054cc1aa9e5d2f8aadfe0b,3ffd626b249f836369054cc1aa9e5d2f8aadfe0b^1,1221,Classical,src/QsCompiler/CompilationManager/Utils.cs
microsoft/qsharp-compiler,3ffd626b249f836369054cc1aa9e5d2f8aadfe0b,3ffd626b249f836369054cc1aa9e5d2f8aadfe0b^1,1221,Classical,src/QsCompiler/Compiler/LoadedStep.cs
microsoft/qsharp-compiler,3ffd626b249f836369054cc1aa9e5d2f8aadfe0b,3ffd626b249f836369054cc1aa9e5d2f8aadfe0b^1,1221,Classical,src/QsCompiler/Compiler/Logging.cs
microsoft/qsharp-compiler,3ffd626b249f836369054cc1aa9e5d2f8aadfe0b,3ffd626b249f836369054cc1aa9e5d2f8aadfe0b^1,1221,Classical,src/QsCompiler/LanguageServer/Communication.cs
microsoft/qsharp-compiler,3ffd626b249f836369054cc1aa9e5d2f8aadfe0b,3ffd626b249f836369054cc1aa9e5d2f8aadfe0b^1,1221,Classical,src/QsCompiler/LanguageServer/LanguageServer.cs
microsoft/qsharp-compiler,3ffd626b249f836369054cc1aa9e5d2f8aadfe0b,3ffd626b249f836369054cc1aa9e5d2f8aadfe0b^1,1221,Classical,src/QsCompiler/LanguageServer/LanguageServer.csproj
microsoft/qsharp-compiler,1af31ba43561e9cbfa99be70e633f6d39a4fa71e,1af31ba43561e9cbfa99be70e633f6d39a4fa71e^1,1222,Classical,src/QsCompiler/QirGeneration/Subtransformations/ExpressionKindTransformation.cs
microsoft/qsharp-compiler,ed60c81e5192cddd5f7342c08a1c00d392473127,ed60c81e5192cddd5f7342c08a1c00d392473127^1,1229,Classical,src/QsCompiler/QirGeneration/Context.cs
microsoft/qsharp-compiler,ed60c81e5192cddd5f7342c08a1c00d392473127,ed60c81e5192cddd5f7342c08a1c00d392473127^1,1229,Classical,src/QsCompiler/QirGeneration/ScopeManager.cs
microsoft/qsharp-compiler,ed60c81e5192cddd5f7342c08a1c00d392473127,ed60c81e5192cddd5f7342c08a1c00d392473127^1,1229,Classical,src/QsCompiler/QirGeneration/Subtransformations/StatementKindTransformation.cs
microsoft/qsharp-compiler,4cfa49817b99a1fd6a9c74f0ff3b1e84a84ac74c,4cfa49817b99a1fd6a9c74f0ff3b1e84a84ac74c^1,1230,Classical,src/QsCompiler/QirGeneration/Context.cs
microsoft/qsharp-compiler,4cfa49817b99a1fd6a9c74f0ff3b1e84a84ac74c,4cfa49817b99a1fd6a9c74f0ff3b1e84a84ac74c^1,1230,Classical,src/QsCompiler/QirGeneration/QIR/DataStructures.cs
microsoft/qsharp-compiler,4cfa49817b99a1fd6a9c74f0ff3b1e84a84ac74c,4cfa49817b99a1fd6a9c74f0ff3b1e84a84ac74c^1,1230,Classical,src/QsCompiler/QirGeneration/Subtransformations/ExpressionKindTransformation.cs
microsoft/qsharp-compiler,2dbaea713e9fe1925a4b14483d37c0decaea6ba8,2dbaea713e9fe1925a4b14483d37c0decaea6ba8^1,1233,Classical,src/QsCompiler/QirGeneration/Subtransformations/ExpressionKindTransformation.cs
microsoft/qsharp-compiler,c3d1a09f70960d09af68e805294962e7e6c690d8,c3d1a09f70960d09af68e805294962e7e6c690d8^1,1234,Classical,src/QuantumSdk/Sdk/Sdk.targets
QE-Lab/OpenQL,bc0d1c7981a71349d6b1fd816276df8645dfc010,bc0d1c7981a71349d6b1fd816276df8645dfc010^1,1245,Quantum,ql/arch/cc_light_scheduler.h
QE-Lab/OpenQL,a8494680613fc0912aa4bb9184d0a4d8b1f94a08,a8494680613fc0912aa4bb9184d0a4d8b1f94a08^1,1246,Classical,openql/CMakeLists.txt
QE-Lab/OpenQL,a8494680613fc0912aa4bb9184d0a4d8b1f94a08,a8494680613fc0912aa4bb9184d0a4d8b1f94a08^1,1246,Classical,openql/temp.txt
QE-Lab/OpenQL,9a443a2ddd15349d2750edcf5b9cbbbef82e5929,9a443a2ddd15349d2750edcf5b9cbbbef82e5929^1,1254,Quantum,ql/arch/cc_light_resource_manager.h
QE-Lab/OpenQL,9a443a2ddd15349d2750edcf5b9cbbbef82e5929,9a443a2ddd15349d2750edcf5b9cbbbef82e5929^1,1254,Quantum,ql/arch/cc_light_scheduler.h
QE-Lab/OpenQL,9a443a2ddd15349d2750edcf5b9cbbbef82e5929,9a443a2ddd15349d2750edcf5b9cbbbef82e5929^1,1254,Quantum,ql/scheduler.h
QE-Lab/OpenQL,9a443a2ddd15349d2750edcf5b9cbbbef82e5929,9a443a2ddd15349d2750edcf5b9cbbbef82e5929^1,1254,Quantum,ql/utils.h
QE-Lab/OpenQL,3615bb3bba9d1f664f485139e123073df3419967,3615bb3bba9d1f664f485139e123073df3419967^1,1257,Classical,CMakeLists.txt
PennyLaneAI/pennylane,c267cd0337414a6e3e8296629a8914032806cda7,c267cd0337414a6e3e8296629a8914032806cda7^1,128,Classical,.github/CHANGELOG.md
PennyLaneAI/pennylane,c267cd0337414a6e3e8296629a8914032806cda7,c267cd0337414a6e3e8296629a8914032806cda7^1,128,Classical,pennylane/_grad.py
PennyLaneAI/pennylane,c267cd0337414a6e3e8296629a8914032806cda7,c267cd0337414a6e3e8296629a8914032806cda7^1,128,Classical,pennylane/optimize/gradient_descent.py
PennyLaneAI/pennylane,c267cd0337414a6e3e8296629a8914032806cda7,c267cd0337414a6e3e8296629a8914032806cda7^1,128,Classical,pennylane/optimize/nesterov_momentum.py
quantumlib/Cirq,367485cfc7ff58eb99a84591f3b007365f6cad3b,367485cfc7ff58eb99a84591f3b007365f6cad3b^1,1327,Classical,setup.py
quantumlib/Cirq,342bcc3cfe455e403dbf51a3bf71e85211c3cf36,342bcc3cfe455e403dbf51a3bf71e85211c3cf36^1,1331,Quantum,cirq/google/eject_full_w.py
quantumlib/Cirq,342bcc3cfe455e403dbf51a3bf71e85211c3cf36,342bcc3cfe455e403dbf51a3bf71e85211c3cf36^1,1331,Quantum,cirq/google/eject_z.py
PennyLaneAI/pennylane,1a48733e25caa373966a03dcc0d073420fcd5fed,1a48733e25caa373966a03dcc0d073420fcd5fed^1,136,Quantum,.github/CHANGELOG.md
PennyLaneAI/pennylane,1a48733e25caa373966a03dcc0d073420fcd5fed,1a48733e25caa373966a03dcc0d073420fcd5fed^1,136,Quantum,pennylane/tape/tape.py
quantumlib/Cirq,94181e2784bf9a7b4259503db8a4f6808325bcf2,94181e2784bf9a7b4259503db8a4f6808325bcf2^1,1372,Quantum,cirq/ops/controlled_gate.py
PennyLaneAI/pennylane,ee9436ca19e40fa20fac83d1da3c4fd6571fb48c,ee9436ca19e40fa20fac83d1da3c4fd6571fb48c^1,138,Quantum,.github/CHANGELOG.md
PennyLaneAI/pennylane,ee9436ca19e40fa20fac83d1da3c4fd6571fb48c,ee9436ca19e40fa20fac83d1da3c4fd6571fb48c^1,138,Quantum,pennylane/_device.py
PennyLaneAI/pennylane,ee9436ca19e40fa20fac83d1da3c4fd6571fb48c,ee9436ca19e40fa20fac83d1da3c4fd6571fb48c^1,138,Quantum,pennylane/_qubit_device.py
PennyLaneAI/pennylane,ee9436ca19e40fa20fac83d1da3c4fd6571fb48c,ee9436ca19e40fa20fac83d1da3c4fd6571fb48c^1,138,Quantum,pennylane/qnode.py
PennyLaneAI/pennylane,ef87a8cf35accfbb556fab13210288f9c46b358b,ef87a8cf35accfbb556fab13210288f9c46b358b^1,140,Classical,.github/CHANGELOG.md
PennyLaneAI/pennylane,ef87a8cf35accfbb556fab13210288f9c46b358b,ef87a8cf35accfbb556fab13210288f9c46b358b^1,140,Classical,pennylane/tape/tape.py
PennyLaneAI/pennylane,ef87a8cf35accfbb556fab13210288f9c46b358b,ef87a8cf35accfbb556fab13210288f9c46b358b^1,140,Classical,pennylane/templates/embeddings/amplitude.py
PennyLaneAI/pennylane,ef87a8cf35accfbb556fab13210288f9c46b358b,ef87a8cf35accfbb556fab13210288f9c46b358b^1,140,Classical,pennylane/templates/layers/particle_conserving_u1.py
PennyLaneAI/pennylane,ef87a8cf35accfbb556fab13210288f9c46b358b,ef87a8cf35accfbb556fab13210288f9c46b358b^1,140,Classical,pennylane/templates/layers/particle_conserving_u2.py
PennyLaneAI/pennylane,ef87a8cf35accfbb556fab13210288f9c46b358b,ef87a8cf35accfbb556fab13210288f9c46b358b^1,140,Classical,pennylane/transforms/adjoint.py
PennyLaneAI/pennylane,ef87a8cf35accfbb556fab13210288f9c46b358b,ef87a8cf35accfbb556fab13210288f9c46b358b^1,140,Classical,pennylane/utils.py
quantumlib/Cirq,4dae9b2c766fb9cd5a24bce655020b63c0ed47ac,4dae9b2c766fb9cd5a24bce655020b63c0ed47ac^1,1464,Quantum,cirq/experiments/n_qubit_tomography.py
quantumlib/Cirq,df52d1c6168d2f64cef4045b1c4a149c98e807d3,df52d1c6168d2f64cef4045b1c4a149c98e807d3^1,1496,Quantum,cirq/linalg/decompositions.py
quantumlib/Cirq,df52d1c6168d2f64cef4045b1c4a149c98e807d3,df52d1c6168d2f64cef4045b1c4a149c98e807d3^1,1496,Quantum,cirq/ops/pauli_string.py
quantumlib/Cirq,df52d1c6168d2f64cef4045b1c4a149c98e807d3,df52d1c6168d2f64cef4045b1c4a149c98e807d3^1,1496,Quantum,cirq/ops/pauli_string_phasor.py
PennyLaneAI/pennylane,a4d7abdc047869a2d378e54c7b1cc0b036ae7625,a4d7abdc047869a2d378e54c7b1cc0b036ae7625^1,150,Quantum,.github/CHANGELOG.md
PennyLaneAI/pennylane,a4d7abdc047869a2d378e54c7b1cc0b036ae7625,a4d7abdc047869a2d378e54c7b1cc0b036ae7625^1,150,Quantum,pennylane/interfaces/autograd.py
PennyLaneAI/pennylane,a4d7abdc047869a2d378e54c7b1cc0b036ae7625,a4d7abdc047869a2d378e54c7b1cc0b036ae7625^1,150,Quantum,pennylane/tape/jacobian_tape.py
quantumlib/Cirq,7c8c959e5e4b90f857cd1539279c51d30224033c,7c8c959e5e4b90f857cd1539279c51d30224033c^1,1518,Classical,cirq/_compat.py
quantumlib/Cirq,7c8c959e5e4b90f857cd1539279c51d30224033c,7c8c959e5e4b90f857cd1539279c51d30224033c^1,1518,Classical,cirq/protocols/json_serialization.py
quantumlib/Cirq,7c8c959e5e4b90f857cd1539279c51d30224033c,7c8c959e5e4b90f857cd1539279c51d30224033c^1,1518,Classical,cirq/study/result.py
quantumlib/Cirq,00f29904c6de484c6bd273fdca47bc80a0f84eba,00f29904c6de484c6bd273fdca47bc80a0f84eba^1,1537,Classical,.github/workflows/ci.yml
quantumlib/Cirq,00f29904c6de484c6bd273fdca47bc80a0f84eba,00f29904c6de484c6bd273fdca47bc80a0f84eba^1,1537,Classical,dev_tools/conf/mypy.ini
quantumlib/Cirq,00f29904c6de484c6bd273fdca47bc80a0f84eba,00f29904c6de484c6bd273fdca47bc80a0f84eba^1,1537,Classical,dev_tools/conf/pip-list-dev-tools.txt
quantumlib/Cirq,00f29904c6de484c6bd273fdca47bc80a0f84eba,00f29904c6de484c6bd273fdca47bc80a0f84eba^1,1537,Classical,docs/transform.ipynb
PennyLaneAI/pennylane,614db57b02536bb09fbfbae853ceff8878b928af,614db57b02536bb09fbfbae853ceff8878b928af^1,154,Quantum,.github/CHANGELOG.md
PennyLaneAI/pennylane,614db57b02536bb09fbfbae853ceff8878b928af,614db57b02536bb09fbfbae853ceff8878b928af^1,154,Quantum,pennylane/interfaces/torch.py
quantumlib/Cirq,18c97b3fc3f776a830b25871aabc2b6b1255b301,18c97b3fc3f776a830b25871aabc2b6b1255b301^1,1555,Classical,cirq/ionq/results.py
PennyLaneAI/pennylane,a5b9b23952b7cad3528d0b64f1084d0e40b563ab,a5b9b23952b7cad3528d0b64f1084d0e40b563ab^1,156,Classical,.github/CHANGELOG.md
PennyLaneAI/pennylane,a5b9b23952b7cad3528d0b64f1084d0e40b563ab,a5b9b23952b7cad3528d0b64f1084d0e40b563ab^1,156,Classical,pennylane/ops/qubit.py
PennyLaneAI/pennylane,a5b9b23952b7cad3528d0b64f1084d0e40b563ab,a5b9b23952b7cad3528d0b64f1084d0e40b563ab^1,156,Classical,pennylane/transforms/adjoint.py
quantumlib/Cirq,51dc09663cc862b7a964aaab2c59952737a44b7b,51dc09663cc862b7a964aaab2c59952737a44b7b^1,1571,Classical,cirq/_compat.py
PennyLaneAI/pennylane,c9745b96717854aeba77ba9b43e8144115f63a28,c9745b96717854aeba77ba9b43e8144115f63a28^1,159,Quantum,.github/CHANGELOG.md
PennyLaneAI/pennylane,c9745b96717854aeba77ba9b43e8144115f63a28,c9745b96717854aeba77ba9b43e8144115f63a28^1,159,Quantum,pennylane/tape/tape.py
Qiskit/qiskit-ignis,838bc0f750d63b4ea14789fd174f9a10f51f61c2,838bc0f750d63b4ea14789fd174f9a10f51f61c2^1,16,Quantum,qiskit/ignis/verification/entanglement/analysis.py
PennyLaneAI/pennylane,382b4f58b3c22cc2cfbb84205087733228b54807,382b4f58b3c22cc2cfbb84205087733228b54807^1,160,Quantum,.github/CHANGELOG.md
PennyLaneAI/pennylane,382b4f58b3c22cc2cfbb84205087733228b54807,382b4f58b3c22cc2cfbb84205087733228b54807^1,160,Quantum,pennylane/transforms/hamiltonian_expand.py
quantumlib/Cirq,504bdbb9bb30249d85ecf7ba199b047150ee33f3,504bdbb9bb30249d85ecf7ba199b047150ee33f3^1,1612,Quantum,cirq-core/cirq/optimizers/merge_interactions.py
aws/amazon-braket-sdk-python,ab63ab5fd81d1432f178d6ec3c3a061adfe62145,ab63ab5fd81d1432f178d6ec3c3a061adfe62145^1,1633,Quantum,src/braket/circuits/ascii_circuit_diagram.py
aws/amazon-braket-sdk-python,ab63ab5fd81d1432f178d6ec3c3a061adfe62145,ab63ab5fd81d1432f178d6ec3c3a061adfe62145^1,1633,Quantum,src/braket/circuits/moments.py
aws/amazon-braket-sdk-python,29ccb5a17dbc05e2a5f8e9e5da23b9410eec1fbe,29ccb5a17dbc05e2a5f8e9e5da23b9410eec1fbe^1,1651,Quantum,src/braket/circuits/circuit.py
aws/amazon-braket-sdk-python,ef5e18ea5c88b5ee30d8012c790e06c78da810a8,ef5e18ea5c88b5ee30d8012c790e06c78da810a8^1,1652,Classical,src/braket/aws/aws_quantum_task.py
aws/amazon-braket-sdk-python,bf724236a3fcfdc5bab1a3dddf28e983cbf90038,bf724236a3fcfdc5bab1a3dddf28e983cbf90038^1,1659,Classical,README.md
aws/amazon-braket-sdk-python,bf724236a3fcfdc5bab1a3dddf28e983cbf90038,bf724236a3fcfdc5bab1a3dddf28e983cbf90038^1,1659,Classical,src/braket/aws/aws_device.py
aws/amazon-braket-sdk-python,5164b39363dd2d8d46152953e066c33789babe8c,5164b39363dd2d8d46152953e066c33789babe8c^1,1660,Classical,src/braket/aws/aws_device.py
aws/amazon-braket-sdk-python,baaccfd47b4ca6a015e6446b580aef3584fede3d,baaccfd47b4ca6a015e6446b580aef3584fede3d^1,1663,Classical,src/braket/aws/aws_quantum_task.py
aws/amazon-braket-sdk-python,ba4cea0217ea96ea825533c6af01f24647bbda90,ba4cea0217ea96ea825533c6af01f24647bbda90^1,1667,Quantum,CODEOWNERS
aws/amazon-braket-sdk-python,ba4cea0217ea96ea825533c6af01f24647bbda90,ba4cea0217ea96ea825533c6af01f24647bbda90^1,1667,Quantum,src/braket/aws/aws_device.py
aws/amazon-braket-sdk-python,9bdf26cb7e8a0973fe33e880cf0623189a33fe6b,9bdf26cb7e8a0973fe33e880cf0623189a33fe6b^1,1678,Quantum,src/braket/circuits/angled_gate.py
aws/amazon-braket-sdk-python,9bdf26cb7e8a0973fe33e880cf0623189a33fe6b,9bdf26cb7e8a0973fe33e880cf0623189a33fe6b^1,1678,Quantum,src/braket/circuits/gate.py
aws/amazon-braket-sdk-python,9bdf26cb7e8a0973fe33e880cf0623189a33fe6b,9bdf26cb7e8a0973fe33e880cf0623189a33fe6b^1,1678,Quantum,src/braket/circuits/gates.py
aws/amazon-braket-sdk-python,9bdf26cb7e8a0973fe33e880cf0623189a33fe6b,9bdf26cb7e8a0973fe33e880cf0623189a33fe6b^1,1678,Quantum,src/braket/circuits/noise.py
aws/amazon-braket-sdk-python,9bdf26cb7e8a0973fe33e880cf0623189a33fe6b,9bdf26cb7e8a0973fe33e880cf0623189a33fe6b^1,1678,Quantum,src/braket/circuits/noise_helpers.py
aws/amazon-braket-sdk-python,9bdf26cb7e8a0973fe33e880cf0623189a33fe6b,9bdf26cb7e8a0973fe33e880cf0623189a33fe6b^1,1678,Quantum,src/braket/circuits/noises.py
aws/amazon-braket-sdk-python,9bdf26cb7e8a0973fe33e880cf0623189a33fe6b,9bdf26cb7e8a0973fe33e880cf0623189a33fe6b^1,1678,Quantum,src/braket/circuits/quantum_operator.py
aws/amazon-braket-sdk-python,74905c286284164d7a1e05c8c0775474dd093b9b,74905c286284164d7a1e05c8c0775474dd093b9b^1,1680,Classical,src/braket/circuits/observable.py
aws/amazon-braket-sdk-python,74905c286284164d7a1e05c8c0775474dd093b9b,74905c286284164d7a1e05c8c0775474dd093b9b^1,1680,Classical,src/braket/circuits/observables.py
aws/amazon-braket-sdk-python,cc704fa77d1570729f887a230ef9fc60bcff8df5,cc704fa77d1570729f887a230ef9fc60bcff8df5^1,1682,Classical,src/braket/circuits/circuit.py
aws/amazon-braket-sdk-python,cc704fa77d1570729f887a230ef9fc60bcff8df5,cc704fa77d1570729f887a230ef9fc60bcff8df5^1,1682,Classical,src/braket/circuits/instruction.py
aws/amazon-braket-sdk-python,cc704fa77d1570729f887a230ef9fc60bcff8df5,cc704fa77d1570729f887a230ef9fc60bcff8df5^1,1682,Classical,src/braket/circuits/moments.py
aws/amazon-braket-sdk-python,cc704fa77d1570729f887a230ef9fc60bcff8df5,cc704fa77d1570729f887a230ef9fc60bcff8df5^1,1682,Classical,src/braket/circuits/result_type.py
unitaryfund/mitiq,1d9640d6be47cd575034e243cfa12e8668cfc9ad,1d9640d6be47cd575034e243cfa12e8668cfc9ad^1,1685,Classical,mitiq/folding_cirq.py
unitaryfund/mitiq,1d9640d6be47cd575034e243cfa12e8668cfc9ad,1d9640d6be47cd575034e243cfa12e8668cfc9ad^1,1685,Classical,mitiq/folding_pyquil.py
unitaryfund/mitiq,5fc12d5e4688ba4006eb4a733379b61c0e9c2b45,5fc12d5e4688ba4006eb4a733379b61c0e9c2b45^1,1687,Quantum,docs/source/guide/guide-folding.rst
unitaryfund/mitiq,5fc12d5e4688ba4006eb4a733379b61c0e9c2b45,5fc12d5e4688ba4006eb4a733379b61c0e9c2b45^1,1687,Quantum,mitiq/folding.py
unitaryfund/mitiq,ce91935c9cc3107eb49f5aad32ded6bf689b777a,ce91935c9cc3107eb49f5aad32ded6bf689b777a^1,1688,Quantum,mitiq/benchmarks/maxcut.py
unitaryfund/mitiq,03e0d069752a1c92027b5988428ad08249bdd68b,03e0d069752a1c92027b5988428ad08249bdd68b^1,1697,Classical,docs/source/guide/guide-getting-started.rst
unitaryfund/mitiq,4d260bd6545c20f3b1fefc2c843fb67d1296cb45,4d260bd6545c20f3b1fefc2c843fb67d1296cb45^1,1702,Quantum,mitiq/zne/scaling/folding.py
unitaryfund/mitiq,6f66672740d1322995916dbeb1ffc2f94403baac,6f66672740d1322995916dbeb1ffc2f94403baac^1,1705,Classical,CHANGELOG.md
unitaryfund/mitiq,6f66672740d1322995916dbeb1ffc2f94403baac,6f66672740d1322995916dbeb1ffc2f94403baac^1,1705,Classical,mitiq/_about.py
aspuru-guzik-group/tequila,a67fe808c165c5f30a30d9745cfb8155b47c7eca,a67fe808c165c5f30a30d9745cfb8155b47c7eca^1,1736,Quantum,src/tequila/wavefunction/qubit_wavefunction.py
aspuru-guzik-group/tequila,4381d315ea1f0b17cbb68243f756d83b73d759d0,4381d315ea1f0b17cbb68243f756d83b73d759d0^1,1742,Quantum,.github/workflows/ci_backends.yml
aspuru-guzik-group/tequila,4381d315ea1f0b17cbb68243f756d83b73d759d0,4381d315ea1f0b17cbb68243f756d83b73d759d0^1,1742,Quantum,.github/workflows/ci_optimizers.yml
aspuru-guzik-group/tequila,4381d315ea1f0b17cbb68243f756d83b73d759d0,4381d315ea1f0b17cbb68243f756d83b73d759d0^1,1742,Quantum,src/tequila/quantumchemistry/qc_base.py
aspuru-guzik-group/tequila,0637f83c354c70bac95acef5a41ffa7cf3c48e3b,0637f83c354c70bac95acef5a41ffa7cf3c48e3b^1,1744,Quantum,src/tequila/quantumchemistry/qc_base.py
aspuru-guzik-group/tequila,9b673ce6df5dc35eacb2f8a4bfae76ff5b243a86,9b673ce6df5dc35eacb2f8a4bfae76ff5b243a86^1,1745,Classical,src/tequila/quantumchemistry/qc_base.py
xanaduai/strawberryfields,dd7668c30c0e20730ea1d80cab91c7247e71af5f,dd7668c30c0e20730ea1d80cab91c7247e71af5f^1,1820,Quantum,doc/gallery/gallery.rst
xanaduai/strawberryfields,dd7668c30c0e20730ea1d80cab91c7247e71af5f,dd7668c30c0e20730ea1d80cab91c7247e71af5f^1,1820,Quantum,strawberryfields/backends/fockbackend/backend.py
xanaduai/strawberryfields,dd7668c30c0e20730ea1d80cab91c7247e71af5f,dd7668c30c0e20730ea1d80cab91c7247e71af5f^1,1820,Quantum,strawberryfields/backends/gaussianbackend/backend.py
xanaduai/strawberryfields,dd7668c30c0e20730ea1d80cab91c7247e71af5f,dd7668c30c0e20730ea1d80cab91c7247e71af5f^1,1820,Quantum,strawberryfields/backends/tfbackend/backend.py
xanaduai/strawberryfields,dd7668c30c0e20730ea1d80cab91c7247e71af5f,dd7668c30c0e20730ea1d80cab91c7247e71af5f^1,1820,Quantum,strawberryfields/backends/tfbackend/ops.py
xanaduai/strawberryfields,5ecac45f620bb9769b2e2ab4ea9d456459b96131,5ecac45f620bb9769b2e2ab4ea9d456459b96131^1,1829,Classical,strawberryfields/ops.py
xanaduai/strawberryfields,5ecac45f620bb9769b2e2ab4ea9d456459b96131,5ecac45f620bb9769b2e2ab4ea9d456459b96131^1,1829,Classical,strawberryfields/utils.py
xanaduai/strawberryfields,5da0791d293655251bf67481aa8657315899af8d,5da0791d293655251bf67481aa8657315899af8d^1,1836,Quantum,strawberryfields/gbs/similarity.py
xanaduai/strawberryfields,bcbafdd6c98dee67f4a1e3265a1a9c6a6117c81d,bcbafdd6c98dee67f4a1e3265a1a9c6a6117c81d^1,1839,Quantum,strawberryfields/gbs/sample.py
xanaduai/strawberryfields,a168124c8fc5a51e99e8808e756b7fbd678be9bd,a168124c8fc5a51e99e8808e756b7fbd678be9bd^1,1846,Classical,strawberryfields/api/connection.py
xanaduai/strawberryfields,beb7500622712186a9bf7f27fd3d8f354ac17d35,beb7500622712186a9bf7f27fd3d8f354ac17d35^1,1847,Classical,strawberryfields/engine.py
xanaduai/strawberryfields,19b6b634e54fc612e9b92673dd25d2c3e25a09f5,19b6b634e54fc612e9b92673dd25d2c3e25a09f5^1,1851,Classical,.github/CHANGELOG.md
xanaduai/strawberryfields,19b6b634e54fc612e9b92673dd25d2c3e25a09f5,19b6b634e54fc612e9b92673dd25d2c3e25a09f5^1,1851,Classical,strawberryfields/backends/fockbackend/circuit.py
xanaduai/strawberryfields,2e6d558e92bcd28da0ac76d88a7eb6d59667cc69,2e6d558e92bcd28da0ac76d88a7eb6d59667cc69^1,1854,Classical,.github/CHANGELOG.md
xanaduai/strawberryfields,2e6d558e92bcd28da0ac76d88a7eb6d59667cc69,2e6d558e92bcd28da0ac76d88a7eb6d59667cc69^1,1854,Classical,strawberryfields/backends/tfbackend/ops.py
xanaduai/strawberryfields,2e6d558e92bcd28da0ac76d88a7eb6d59667cc69,2e6d558e92bcd28da0ac76d88a7eb6d59667cc69^1,1854,Classical,strawberryfields/backends/tfbackend/states.py
xanaduai/strawberryfields,2e6d558e92bcd28da0ac76d88a7eb6d59667cc69,2e6d558e92bcd28da0ac76d88a7eb6d59667cc69^1,1854-5,Quantum,.github/CHANGELOG.md
xanaduai/strawberryfields,2e6d558e92bcd28da0ac76d88a7eb6d59667cc69,2e6d558e92bcd28da0ac76d88a7eb6d59667cc69^1,1854-5,Quantum,strawberryfields/backends/tfbackend/ops.py
xanaduai/strawberryfields,2e6d558e92bcd28da0ac76d88a7eb6d59667cc69,2e6d558e92bcd28da0ac76d88a7eb6d59667cc69^1,1854-5,Quantum,strawberryfields/backends/tfbackend/states.py
xanaduai/strawberryfields,c7173f9052a1166bc1a205141033e98331cf0de9,c7173f9052a1166bc1a205141033e98331cf0de9^1,1858,Classical,.github/CHANGELOG.md
xanaduai/strawberryfields,c7173f9052a1166bc1a205141033e98331cf0de9,c7173f9052a1166bc1a205141033e98331cf0de9^1,1858,Classical,strawberryfields/ops.py
xanaduai/strawberryfields,6fd7aaa2332eb2d283034b03984acaeb06e785ac,6fd7aaa2332eb2d283034b03984acaeb06e785ac^1,1860,Classical,strawberryfields/ops.py
xanaduai/strawberryfields,6fd7aaa2332eb2d283034b03984acaeb06e785ac,6fd7aaa2332eb2d283034b03984acaeb06e785ac^1,1860,Classical,strawberryfields/utils/states.py
xanaduai/strawberryfields,45309dcad0133d2c59a91c09ab294bef29a7a621,45309dcad0133d2c59a91c09ab294bef29a7a621^1,1864,Quantum,.github/CHANGELOG.md
xanaduai/strawberryfields,45309dcad0133d2c59a91c09ab294bef29a7a621,45309dcad0133d2c59a91c09ab294bef29a7a621^1,1864,Quantum,strawberryfields/api/devicespec.py
xanaduai/strawberryfields,45309dcad0133d2c59a91c09ab294bef29a7a621,45309dcad0133d2c59a91c09ab294bef29a7a621^1,1864,Quantum,strawberryfields/engine.py
xanaduai/strawberryfields,45309dcad0133d2c59a91c09ab294bef29a7a621,45309dcad0133d2c59a91c09ab294bef29a7a621^1,1864,Quantum,strawberryfields/io.py
xanaduai/strawberryfields,45309dcad0133d2c59a91c09ab294bef29a7a621,45309dcad0133d2c59a91c09ab294bef29a7a621^1,1864,Quantum,strawberryfields/program.py
xanaduai/strawberryfields,45309dcad0133d2c59a91c09ab294bef29a7a621,45309dcad0133d2c59a91c09ab294bef29a7a621^1,1864,Quantum,strawberryfields/tdm/tdmprogram.py
eclipse/xacc,c334829352fc2b490c407b6a09fb767a16516bbf,c334829352fc2b490c407b6a09fb767a16516bbf^1,1869,Quantum,impls/rigetti/QuilVisitor.hpp
eclipse/xacc,c334829352fc2b490c407b6a09fb767a16516bbf,c334829352fc2b490c407b6a09fb767a16516bbf^1,1869,Quantum,impls/rigetti/RigettiAccelerator.cpp
eclipse/xacc,e980988e148243ed5d650317cad2870c6985f2ae,e980988e148243ed5d650317cad2870c6985f2ae^1,1878,Classical,tpls/CMakeLists.txt
rigetti/pyquil,92cb256530f4793fee007b6c1e8c9db4a22a1a7f,92cb256530f4793fee007b6c1e8c9db4a22a1a7f^1,1936,Classical,pyquil/_parser/PyQuilListener.py
rigetti/pyquil,92cb256530f4793fee007b6c1e8c9db4a22a1a7f,92cb256530f4793fee007b6c1e8c9db4a22a1a7f^1,1936,Classical,pyquil/_parser/Quil.g4
rigetti/pyquil,92cb256530f4793fee007b6c1e8c9db4a22a1a7f,92cb256530f4793fee007b6c1e8c9db4a22a1a7f^1,1936,Classical,pyquil/_parser/gen2/QuilParser.py
rigetti/pyquil,92cb256530f4793fee007b6c1e8c9db4a22a1a7f,92cb256530f4793fee007b6c1e8c9db4a22a1a7f^1,1936,Classical,pyquil/_parser/gen3/QuilParser.py
rigetti/pyquil,92cb256530f4793fee007b6c1e8c9db4a22a1a7f,92cb256530f4793fee007b6c1e8c9db4a22a1a7f^1,1936,Classical,pyquil/parser.py
rigetti/pyquil,92cb256530f4793fee007b6c1e8c9db4a22a1a7f,92cb256530f4793fee007b6c1e8c9db4a22a1a7f^1,1936,Classical,setup.py
rigetti/pyquil,c147eb4f9417af72b5f396b2859506524ecf5bf4,c147eb4f9417af72b5f396b2859506524ecf5bf4^1,1959,Quantum,pyquil/noise.py
rigetti/pyquil,604bf264ef522f721aa2ab7ee36dd007e095f732,604bf264ef522f721aa2ab7ee36dd007e095f732^1,1988,Quantum,pyquil/paulis.py
rigetti/pyquil,adf04c9b1aa074c67bb34ea06d7f18ee06bbdfd7,adf04c9b1aa074c67bb34ea06d7f18ee06bbdfd7^1,1991,Classical,pyquil/operator_estimation.py
rigetti/pyquil,b9f050c6e33a036c10d6f984c3f0b0f29836d2e0,b9f050c6e33a036c10d6f984c3f0b0f29836d2e0^1,2004,Classical,CHANGELOG.md
rigetti/pyquil,b9f050c6e33a036c10d6f984c3f0b0f29836d2e0,b9f050c6e33a036c10d6f984c3f0b0f29836d2e0^1,2004,Classical,pyquil/gates.py
rigetti/pyquil,b9f050c6e33a036c10d6f984c3f0b0f29836d2e0,b9f050c6e33a036c10d6f984c3f0b0f29836d2e0^1,2004,Classical,pyquil/quilbase.py
rigetti/pyquil,58965c33b8314cda119ff36e46b705a03835d397,58965c33b8314cda119ff36e46b705a03835d397^1,2005,Quantum,CHANGELOG.md
rigetti/pyquil,58965c33b8314cda119ff36e46b705a03835d397,58965c33b8314cda119ff36e46b705a03835d397^1,2005,Quantum,pyquil/latex/_diagram.py
rigetti/pyquil,75a7c7428235e017ac6740e804cce64057bc3a95,75a7c7428235e017ac6740e804cce64057bc3a95^1,2007,Classical,CHANGELOG.md
rigetti/pyquil,75a7c7428235e017ac6740e804cce64057bc3a95,75a7c7428235e017ac6740e804cce64057bc3a95^1,2007,Classical,docs/source/migration2-qc.ipynb
rigetti/pyquil,75a7c7428235e017ac6740e804cce64057bc3a95,75a7c7428235e017ac6740e804cce64057bc3a95^1,2007,Classical,pyquil/api/_quantum_computer.py
rigetti/pyquil,279a29b432a6c12d013b26201fc53410fca4f48d,279a29b432a6c12d013b26201fc53410fca4f48d^1,2018,Classical,CHANGELOG.md
rigetti/pyquil,279a29b432a6c12d013b26201fc53410fca4f48d,279a29b432a6c12d013b26201fc53410fca4f48d^1,2018,Classical,pyquil/_parser/parser.py
microsoft/qsharp-runtime,c245ecbc908adfa830c19be4dec5c50f58a07837,c245ecbc908adfa830c19be4dec5c50f58a07837^1,2069,Classical,src/Simulation/Core/QArray.cs
microsoft/qsharp-runtime,c245ecbc908adfa830c19be4dec5c50f58a07837,c245ecbc908adfa830c19be4dec5c50f58a07837^1,2069,Classical,src/Simulation/Core/Range.cs
microsoft/qsharp-runtime,e1d4c07c299b31d3486647e0ce3748df97a0d786,e1d4c07c299b31d3486647e0ce3748df97a0d786^1,2070,Classical,src/Simulation/CsharpGeneration/SimulationCode.fs
microsoft/qsharp-runtime,f4a4a6d959dc0e97bc8dc12fc67ddbe78423f5fe,f4a4a6d959dc0e97bc8dc12fc67ddbe78423f5fe^1,2082,Quantum,src/Simulation/Common/QubitManager.cs
microsoft/qsharp-runtime,4a5862ffae68159aa0918ec9ed7f955d30a1ade3,4a5862ffae68159aa0918ec9ed7f955d30a1ade3^1,2087,Classical,src/Simulation/CsharpGeneration/SimulationCode.fs
microsoft/qsharp-runtime,d7e1d9d3ec19f821c56493df4aa0aaf0476bcb3a,d7e1d9d3ec19f821c56493df4aa0aaf0476bcb3a^1,2089,Classical,src/Simulation/Simulators/QCTraceSimulator/InterfaceUtils.cs
microsoft/qsharp-runtime,d7e1d9d3ec19f821c56493df4aa0aaf0476bcb3a,d7e1d9d3ec19f821c56493df4aa0aaf0476bcb3a^1,2089,Classical,src/Simulation/Simulators/QCTraceSimulator/Utils.cs
microsoft/qsharp-runtime,5f8268e42a938dc9603b8f1cf640f33e7665dedf,5f8268e42a938dc9603b8f1cf640f33e7665dedf^1,2100,Classical,Simulation.sln
microsoft/qsharp-runtime,4a3eca470d79a0bb79e6beb270155f1d5bf3cc25,4a3eca470d79a0bb79e6beb270155f1d5bf3cc25^1,2101,Classical,src/Simulation/Common/SimulatorBase.cs
microsoft/qsharp-runtime,4a3eca470d79a0bb79e6beb270155f1d5bf3cc25,4a3eca470d79a0bb79e6beb270155f1d5bf3cc25^1,2101,Classical,src/Simulation/Core/AbstractCallable.cs
microsoft/qsharp-runtime,4a3eca470d79a0bb79e6beb270155f1d5bf3cc25,4a3eca470d79a0bb79e6beb270155f1d5bf3cc25^1,2101,Classical,src/Simulation/Core/Functions/Function.cs
microsoft/qsharp-runtime,4a3eca470d79a0bb79e6beb270155f1d5bf3cc25,4a3eca470d79a0bb79e6beb270155f1d5bf3cc25^1,2101,Classical,src/Simulation/Core/Functions/FunctionPartial.cs
microsoft/qsharp-runtime,4a3eca470d79a0bb79e6beb270155f1d5bf3cc25,4a3eca470d79a0bb79e6beb270155f1d5bf3cc25^1,2101,Classical,src/Simulation/Core/Generics/Adjoint.cs
microsoft/qsharp-runtime,4a3eca470d79a0bb79e6beb270155f1d5bf3cc25,4a3eca470d79a0bb79e6beb270155f1d5bf3cc25^1,2101,Classical,src/Simulation/Core/Generics/Controlled.cs
microsoft/qsharp-runtime,4a3eca470d79a0bb79e6beb270155f1d5bf3cc25,4a3eca470d79a0bb79e6beb270155f1d5bf3cc25^1,2101,Classical,src/Simulation/Core/Generics/GenericCallable.cs
microsoft/qsharp-runtime,4a3eca470d79a0bb79e6beb270155f1d5bf3cc25,4a3eca470d79a0bb79e6beb270155f1d5bf3cc25^1,2101,Classical,src/Simulation/Core/Generics/GenericPartial.cs
microsoft/qsharp-runtime,4a3eca470d79a0bb79e6beb270155f1d5bf3cc25,4a3eca470d79a0bb79e6beb270155f1d5bf3cc25^1,2101,Classical,src/Simulation/Core/Operations/Adjoint.cs
microsoft/qsharp-runtime,4a3eca470d79a0bb79e6beb270155f1d5bf3cc25,4a3eca470d79a0bb79e6beb270155f1d5bf3cc25^1,2101,Classical,src/Simulation/Core/Operations/Controlled.cs
microsoft/qsharp-runtime,4a3eca470d79a0bb79e6beb270155f1d5bf3cc25,4a3eca470d79a0bb79e6beb270155f1d5bf3cc25^1,2101,Classical,src/Simulation/Core/Operations/Operation.cs
microsoft/qsharp-runtime,4a3eca470d79a0bb79e6beb270155f1d5bf3cc25,4a3eca470d79a0bb79e6beb270155f1d5bf3cc25^1,2101,Classical,src/Simulation/Core/Operations/OperationPartial.cs
microsoft/qsharp-runtime,4a3eca470d79a0bb79e6beb270155f1d5bf3cc25,4a3eca470d79a0bb79e6beb270155f1d5bf3cc25^1,2101,Classical,src/Simulation/Core/Udts/UdtFactory.cs
microsoft/qsharp-runtime,4a3eca470d79a0bb79e6beb270155f1d5bf3cc25,4a3eca470d79a0bb79e6beb270155f1d5bf3cc25^1,2101,Classical,src/Simulation/CsharpGeneration/EntryPoint.fs
microsoft/qsharp-runtime,4a3eca470d79a0bb79e6beb270155f1d5bf3cc25,4a3eca470d79a0bb79e6beb270155f1d5bf3cc25^1,2101,Classical,src/Simulation/CsharpGeneration/SimulationCode.fs
microsoft/qsharp-runtime,4a3eca470d79a0bb79e6beb270155f1d5bf3cc25,4a3eca470d79a0bb79e6beb270155f1d5bf3cc25^1,2101,Classical,src/Simulation/QsharpCore/Bitwise/Bitwise.cs
microsoft/qsharp-runtime,4a3eca470d79a0bb79e6beb270155f1d5bf3cc25,4a3eca470d79a0bb79e6beb270155f1d5bf3cc25^1,2101,Classical,src/Simulation/QsharpCore/Convert/Convert.cs
microsoft/qsharp-runtime,4a3eca470d79a0bb79e6beb270155f1d5bf3cc25,4a3eca470d79a0bb79e6beb270155f1d5bf3cc25^1,2101,Classical,src/Simulation/QsharpCore/Core.cs
microsoft/qsharp-runtime,4a3eca470d79a0bb79e6beb270155f1d5bf3cc25,4a3eca470d79a0bb79e6beb270155f1d5bf3cc25^1,2101,Classical,src/Simulation/QsharpCore/Math/Math.cs
microsoft/qsharp-runtime,4a3eca470d79a0bb79e6beb270155f1d5bf3cc25,4a3eca470d79a0bb79e6beb270155f1d5bf3cc25^1,2101,Classical,src/Simulation/QsharpCore/Statements/Allocate.cs
microsoft/qsharp-runtime,4a3eca470d79a0bb79e6beb270155f1d5bf3cc25,4a3eca470d79a0bb79e6beb270155f1d5bf3cc25^1,2101,Classical,src/Simulation/QsharpCore/Statements/Borrow.cs
microsoft/qsharp-runtime,4a3eca470d79a0bb79e6beb270155f1d5bf3cc25,4a3eca470d79a0bb79e6beb270155f1d5bf3cc25^1,2101,Classical,src/Simulation/QsharpCore/Statements/Release.cs
microsoft/qsharp-runtime,4a3eca470d79a0bb79e6beb270155f1d5bf3cc25,4a3eca470d79a0bb79e6beb270155f1d5bf3cc25^1,2101,Classical,src/Simulation/QsharpCore/Statements/Return.cs
microsoft/qsharp-runtime,4a3eca470d79a0bb79e6beb270155f1d5bf3cc25,4a3eca470d79a0bb79e6beb270155f1d5bf3cc25^1,2101,Classical,src/Simulation/Simulators/QCTraceSimulator/QCTraceSimulator.ClassicalControl.cs
microsoft/qsharp-runtime,4a3eca470d79a0bb79e6beb270155f1d5bf3cc25,4a3eca470d79a0bb79e6beb270155f1d5bf3cc25^1,2101,Classical,src/Simulation/Simulators/QCTraceSimulator/QCTraceSimulator.Diagnostics.Dump.cs
microsoft/qsharp-runtime,4a3eca470d79a0bb79e6beb270155f1d5bf3cc25,4a3eca470d79a0bb79e6beb270155f1d5bf3cc25^1,2101,Classical,src/Simulation/Simulators/QCTraceSimulator/QCTraceSimulator.Interface.CX.cs
microsoft/qsharp-runtime,4a3eca470d79a0bb79e6beb270155f1d5bf3cc25,4a3eca470d79a0bb79e6beb270155f1d5bf3cc25^1,2101,Classical,src/Simulation/Simulators/QCTraceSimulator/QCTraceSimulator.Interface.Clifford.cs
microsoft/qsharp-runtime,4a3eca470d79a0bb79e6beb270155f1d5bf3cc25,4a3eca470d79a0bb79e6beb270155f1d5bf3cc25^1,2101,Classical,src/Simulation/Simulators/QCTraceSimulator/QCTraceSimulator.Interface.ForceMeasure.cs
microsoft/qsharp-runtime,4a3eca470d79a0bb79e6beb270155f1d5bf3cc25,4a3eca470d79a0bb79e6beb270155f1d5bf3cc25^1,2101,Classical,src/Simulation/Simulators/QCTraceSimulator/QCTraceSimulator.Interface.R.cs
microsoft/qsharp-runtime,4a3eca470d79a0bb79e6beb270155f1d5bf3cc25,4a3eca470d79a0bb79e6beb270155f1d5bf3cc25^1,2101,Classical,src/Simulation/Simulators/QCTraceSimulator/QCTraceSimulator.Interface.RFrac.cs
microsoft/qsharp-runtime,4a3eca470d79a0bb79e6beb270155f1d5bf3cc25,4a3eca470d79a0bb79e6beb270155f1d5bf3cc25^1,2101,Classical,src/Simulation/Simulators/QCTraceSimulator/QCTraceSimulator.Primitive.Assert.cs
microsoft/qsharp-runtime,4a3eca470d79a0bb79e6beb270155f1d5bf3cc25,4a3eca470d79a0bb79e6beb270155f1d5bf3cc25^1,2101,Classical,src/Simulation/Simulators/QCTraceSimulator/QCTraceSimulator.Primitive.AssertProb.cs
microsoft/qsharp-runtime,4a3eca470d79a0bb79e6beb270155f1d5bf3cc25,4a3eca470d79a0bb79e6beb270155f1d5bf3cc25^1,2101,Classical,src/Simulation/Simulators/QCTraceSimulator/QCTraceSimulator.Primitive.Measure.cs
microsoft/qsharp-runtime,4a3eca470d79a0bb79e6beb270155f1d5bf3cc25,4a3eca470d79a0bb79e6beb270155f1d5bf3cc25^1,2101,Classical,src/Simulation/Simulators/QCTraceSimulator/QCTraceSimulator.Primitive.random.cs
microsoft/qsharp-runtime,4a3eca470d79a0bb79e6beb270155f1d5bf3cc25,4a3eca470d79a0bb79e6beb270155f1d5bf3cc25^1,2101,Classical,src/Simulation/Simulators/QuantumProcessor/Assert.cs
microsoft/qsharp-runtime,4a3eca470d79a0bb79e6beb270155f1d5bf3cc25,4a3eca470d79a0bb79e6beb270155f1d5bf3cc25^1,2101,Classical,src/Simulation/Simulators/QuantumProcessor/AssertProb.cs
microsoft/qsharp-runtime,4a3eca470d79a0bb79e6beb270155f1d5bf3cc25,4a3eca470d79a0bb79e6beb270155f1d5bf3cc25^1,2101,Classical,src/Simulation/Simulators/QuantumProcessor/ClassicalControl.cs
microsoft/qsharp-runtime,4a3eca470d79a0bb79e6beb270155f1d5bf3cc25,4a3eca470d79a0bb79e6beb270155f1d5bf3cc25^1,2101,Classical,src/Simulation/Simulators/QuantumProcessor/Dump.cs
microsoft/qsharp-runtime,4a3eca470d79a0bb79e6beb270155f1d5bf3cc25,4a3eca470d79a0bb79e6beb270155f1d5bf3cc25^1,2101,Classical,src/Simulation/Simulators/QuantumProcessor/Exp.cs
microsoft/qsharp-runtime,4a3eca470d79a0bb79e6beb270155f1d5bf3cc25,4a3eca470d79a0bb79e6beb270155f1d5bf3cc25^1,2101,Classical,src/Simulation/Simulators/QuantumProcessor/ExpFrac.cs
microsoft/qsharp-runtime,4a3eca470d79a0bb79e6beb270155f1d5bf3cc25,4a3eca470d79a0bb79e6beb270155f1d5bf3cc25^1,2101,Classical,src/Simulation/Simulators/QuantumProcessor/H.cs
microsoft/qsharp-runtime,4a3eca470d79a0bb79e6beb270155f1d5bf3cc25,4a3eca470d79a0bb79e6beb270155f1d5bf3cc25^1,2101,Classical,src/Simulation/Simulators/QuantumProcessor/M.cs
microsoft/qsharp-runtime,4a3eca470d79a0bb79e6beb270155f1d5bf3cc25,4a3eca470d79a0bb79e6beb270155f1d5bf3cc25^1,2101,Classical,src/Simulation/Simulators/QuantumProcessor/Measure.cs
microsoft/qsharp-runtime,4a3eca470d79a0bb79e6beb270155f1d5bf3cc25,4a3eca470d79a0bb79e6beb270155f1d5bf3cc25^1,2101,Classical,src/Simulation/Simulators/QuantumProcessor/R.cs
microsoft/qsharp-runtime,4a3eca470d79a0bb79e6beb270155f1d5bf3cc25,4a3eca470d79a0bb79e6beb270155f1d5bf3cc25^1,2101,Classical,src/Simulation/Simulators/QuantumProcessor/R1.cs
microsoft/qsharp-runtime,4a3eca470d79a0bb79e6beb270155f1d5bf3cc25,4a3eca470d79a0bb79e6beb270155f1d5bf3cc25^1,2101,Classical,src/Simulation/Simulators/QuantumProcessor/R1Frac.cs
microsoft/qsharp-runtime,4a3eca470d79a0bb79e6beb270155f1d5bf3cc25,4a3eca470d79a0bb79e6beb270155f1d5bf3cc25^1,2101,Classical,src/Simulation/Simulators/QuantumProcessor/RFrac.cs
microsoft/qsharp-runtime,4a3eca470d79a0bb79e6beb270155f1d5bf3cc25,4a3eca470d79a0bb79e6beb270155f1d5bf3cc25^1,2101,Classical,src/Simulation/Simulators/QuantumProcessor/Reset.cs
microsoft/qsharp-runtime,4a3eca470d79a0bb79e6beb270155f1d5bf3cc25,4a3eca470d79a0bb79e6beb270155f1d5bf3cc25^1,2101,Classical,src/Simulation/Simulators/QuantumProcessor/S.cs
microsoft/qsharp-runtime,4a3eca470d79a0bb79e6beb270155f1d5bf3cc25,4a3eca470d79a0bb79e6beb270155f1d5bf3cc25^1,2101,Classical,src/Simulation/Simulators/QuantumProcessor/SWAP.cs
microsoft/qsharp-runtime,4a3eca470d79a0bb79e6beb270155f1d5bf3cc25,4a3eca470d79a0bb79e6beb270155f1d5bf3cc25^1,2101,Classical,src/Simulation/Simulators/QuantumProcessor/T.cs
microsoft/qsharp-runtime,4a3eca470d79a0bb79e6beb270155f1d5bf3cc25,4a3eca470d79a0bb79e6beb270155f1d5bf3cc25^1,2101,Classical,src/Simulation/Simulators/QuantumProcessor/X.cs
microsoft/qsharp-runtime,4a3eca470d79a0bb79e6beb270155f1d5bf3cc25,4a3eca470d79a0bb79e6beb270155f1d5bf3cc25^1,2101,Classical,src/Simulation/Simulators/QuantumProcessor/Y.cs
microsoft/qsharp-runtime,4a3eca470d79a0bb79e6beb270155f1d5bf3cc25,4a3eca470d79a0bb79e6beb270155f1d5bf3cc25^1,2101,Classical,src/Simulation/Simulators/QuantumProcessor/Z.cs
microsoft/qsharp-runtime,4a3eca470d79a0bb79e6beb270155f1d5bf3cc25,4a3eca470d79a0bb79e6beb270155f1d5bf3cc25^1,2101,Classical,src/Simulation/Simulators/QuantumProcessor/random.cs
microsoft/qsharp-runtime,4a3eca470d79a0bb79e6beb270155f1d5bf3cc25,4a3eca470d79a0bb79e6beb270155f1d5bf3cc25^1,2101,Classical,src/Simulation/Simulators/QuantumSimulator/Assert.cs
microsoft/qsharp-runtime,4a3eca470d79a0bb79e6beb270155f1d5bf3cc25,4a3eca470d79a0bb79e6beb270155f1d5bf3cc25^1,2101,Classical,src/Simulation/Simulators/QuantumSimulator/AssertProb.cs
microsoft/qsharp-runtime,4a3eca470d79a0bb79e6beb270155f1d5bf3cc25,4a3eca470d79a0bb79e6beb270155f1d5bf3cc25^1,2101,Classical,src/Simulation/Simulators/QuantumSimulator/ClassicalControl.cs
microsoft/qsharp-runtime,4a3eca470d79a0bb79e6beb270155f1d5bf3cc25,4a3eca470d79a0bb79e6beb270155f1d5bf3cc25^1,2101,Classical,src/Simulation/Simulators/QuantumSimulator/Dump.cs
microsoft/qsharp-runtime,4a3eca470d79a0bb79e6beb270155f1d5bf3cc25,4a3eca470d79a0bb79e6beb270155f1d5bf3cc25^1,2101,Classical,src/Simulation/Simulators/QuantumSimulator/Exp.cs
microsoft/qsharp-runtime,4a3eca470d79a0bb79e6beb270155f1d5bf3cc25,4a3eca470d79a0bb79e6beb270155f1d5bf3cc25^1,2101,Classical,src/Simulation/Simulators/QuantumSimulator/ExpFrac.cs
microsoft/qsharp-runtime,4a3eca470d79a0bb79e6beb270155f1d5bf3cc25,4a3eca470d79a0bb79e6beb270155f1d5bf3cc25^1,2101,Classical,src/Simulation/Simulators/QuantumSimulator/H.cs
microsoft/qsharp-runtime,4a3eca470d79a0bb79e6beb270155f1d5bf3cc25,4a3eca470d79a0bb79e6beb270155f1d5bf3cc25^1,2101,Classical,src/Simulation/Simulators/QuantumSimulator/M.cs
microsoft/qsharp-runtime,4a3eca470d79a0bb79e6beb270155f1d5bf3cc25,4a3eca470d79a0bb79e6beb270155f1d5bf3cc25^1,2101,Classical,src/Simulation/Simulators/QuantumSimulator/Measure.cs
microsoft/qsharp-runtime,4a3eca470d79a0bb79e6beb270155f1d5bf3cc25,4a3eca470d79a0bb79e6beb270155f1d5bf3cc25^1,2101,Classical,src/Simulation/Simulators/QuantumSimulator/R.cs
microsoft/qsharp-runtime,4a3eca470d79a0bb79e6beb270155f1d5bf3cc25,4a3eca470d79a0bb79e6beb270155f1d5bf3cc25^1,2101,Classical,src/Simulation/Simulators/QuantumSimulator/RFrac.cs
microsoft/qsharp-runtime,4a3eca470d79a0bb79e6beb270155f1d5bf3cc25,4a3eca470d79a0bb79e6beb270155f1d5bf3cc25^1,2101,Classical,src/Simulation/Simulators/QuantumSimulator/S.cs
microsoft/qsharp-runtime,4a3eca470d79a0bb79e6beb270155f1d5bf3cc25,4a3eca470d79a0bb79e6beb270155f1d5bf3cc25^1,2101,Classical,src/Simulation/Simulators/QuantumSimulator/T.cs
microsoft/qsharp-runtime,4a3eca470d79a0bb79e6beb270155f1d5bf3cc25,4a3eca470d79a0bb79e6beb270155f1d5bf3cc25^1,2101,Classical,src/Simulation/Simulators/QuantumSimulator/X.cs
microsoft/qsharp-runtime,4a3eca470d79a0bb79e6beb270155f1d5bf3cc25,4a3eca470d79a0bb79e6beb270155f1d5bf3cc25^1,2101,Classical,src/Simulation/Simulators/QuantumSimulator/Y.cs
microsoft/qsharp-runtime,4a3eca470d79a0bb79e6beb270155f1d5bf3cc25,4a3eca470d79a0bb79e6beb270155f1d5bf3cc25^1,2101,Classical,src/Simulation/Simulators/QuantumSimulator/Z.cs
microsoft/qsharp-runtime,4a3eca470d79a0bb79e6beb270155f1d5bf3cc25,4a3eca470d79a0bb79e6beb270155f1d5bf3cc25^1,2101,Classical,src/Simulation/Simulators/QuantumSimulator/random.cs
microsoft/qsharp-runtime,4a3eca470d79a0bb79e6beb270155f1d5bf3cc25,4a3eca470d79a0bb79e6beb270155f1d5bf3cc25^1,2101,Classical,src/Simulation/Simulators/ToffoliSimulator/Assert.cs
microsoft/qsharp-runtime,4a3eca470d79a0bb79e6beb270155f1d5bf3cc25,4a3eca470d79a0bb79e6beb270155f1d5bf3cc25^1,2101,Classical,src/Simulation/Simulators/ToffoliSimulator/AssertProb.cs
microsoft/qsharp-runtime,4a3eca470d79a0bb79e6beb270155f1d5bf3cc25,4a3eca470d79a0bb79e6beb270155f1d5bf3cc25^1,2101,Classical,src/Simulation/Simulators/ToffoliSimulator/Dump.cs
microsoft/qsharp-runtime,4a3eca470d79a0bb79e6beb270155f1d5bf3cc25,4a3eca470d79a0bb79e6beb270155f1d5bf3cc25^1,2101,Classical,src/Simulation/Simulators/ToffoliSimulator/Exp.cs
microsoft/qsharp-runtime,4a3eca470d79a0bb79e6beb270155f1d5bf3cc25,4a3eca470d79a0bb79e6beb270155f1d5bf3cc25^1,2101,Classical,src/Simulation/Simulators/ToffoliSimulator/ExpFrac.cs
microsoft/qsharp-runtime,4a3eca470d79a0bb79e6beb270155f1d5bf3cc25,4a3eca470d79a0bb79e6beb270155f1d5bf3cc25^1,2101,Classical,src/Simulation/Simulators/ToffoliSimulator/H.cs
microsoft/qsharp-runtime,4a3eca470d79a0bb79e6beb270155f1d5bf3cc25,4a3eca470d79a0bb79e6beb270155f1d5bf3cc25^1,2101,Classical,src/Simulation/Simulators/ToffoliSimulator/M.cs
microsoft/qsharp-runtime,4a3eca470d79a0bb79e6beb270155f1d5bf3cc25,4a3eca470d79a0bb79e6beb270155f1d5bf3cc25^1,2101,Classical,src/Simulation/Simulators/ToffoliSimulator/Measure.cs
microsoft/qsharp-runtime,4a3eca470d79a0bb79e6beb270155f1d5bf3cc25,4a3eca470d79a0bb79e6beb270155f1d5bf3cc25^1,2101,Classical,src/Simulation/Simulators/ToffoliSimulator/R.cs
microsoft/qsharp-runtime,4a3eca470d79a0bb79e6beb270155f1d5bf3cc25,4a3eca470d79a0bb79e6beb270155f1d5bf3cc25^1,2101,Classical,src/Simulation/Simulators/ToffoliSimulator/RFrac.cs
microsoft/qsharp-runtime,4a3eca470d79a0bb79e6beb270155f1d5bf3cc25,4a3eca470d79a0bb79e6beb270155f1d5bf3cc25^1,2101,Classical,src/Simulation/Simulators/ToffoliSimulator/Random.cs
microsoft/qsharp-runtime,4a3eca470d79a0bb79e6beb270155f1d5bf3cc25,4a3eca470d79a0bb79e6beb270155f1d5bf3cc25^1,2101,Classical,src/Simulation/Simulators/ToffoliSimulator/S.cs
microsoft/qsharp-runtime,4a3eca470d79a0bb79e6beb270155f1d5bf3cc25,4a3eca470d79a0bb79e6beb270155f1d5bf3cc25^1,2101,Classical,src/Simulation/Simulators/ToffoliSimulator/SWAP.cs
microsoft/qsharp-runtime,4a3eca470d79a0bb79e6beb270155f1d5bf3cc25,4a3eca470d79a0bb79e6beb270155f1d5bf3cc25^1,2101,Classical,src/Simulation/Simulators/ToffoliSimulator/T.cs
microsoft/qsharp-runtime,4a3eca470d79a0bb79e6beb270155f1d5bf3cc25,4a3eca470d79a0bb79e6beb270155f1d5bf3cc25^1,2101,Classical,src/Simulation/Simulators/ToffoliSimulator/X.cs
microsoft/qsharp-runtime,4a3eca470d79a0bb79e6beb270155f1d5bf3cc25,4a3eca470d79a0bb79e6beb270155f1d5bf3cc25^1,2101,Classical,src/Simulation/Simulators/ToffoliSimulator/Y.cs
microsoft/qsharp-runtime,4a3eca470d79a0bb79e6beb270155f1d5bf3cc25,4a3eca470d79a0bb79e6beb270155f1d5bf3cc25^1,2101,Classical,src/Simulation/Simulators/ToffoliSimulator/Z.cs
microsoft/qsharp-runtime,42781886d9d3dd762423e45c69323c9a53c57c0f,42781886d9d3dd762423e45c69323c9a53c57c0f^1,2102,Classical,src/Simulation/QCTraceSimulator/DepthCounter.cs
microsoft/qsharp-runtime,42781886d9d3dd762423e45c69323c9a53c57c0f,42781886d9d3dd762423e45c69323c9a53c57c0f^1,2102,Classical,src/Simulation/QCTraceSimulator/DistinctInputsChecker.cs
microsoft/qsharp-runtime,42781886d9d3dd762423e45c69323c9a53c57c0f,42781886d9d3dd762423e45c69323c9a53c57c0f^1,2102,Classical,src/Simulation/QCTraceSimulator/Exceptions.cs
microsoft/qsharp-runtime,42781886d9d3dd762423e45c69323c9a53c57c0f,42781886d9d3dd762423e45c69323c9a53c57c0f^1,2102,Classical,src/Simulation/QCTraceSimulator/InvalidatedQubitsUseChecker.cs
microsoft/qsharp-runtime,42781886d9d3dd762423e45c69323c9a53c57c0f,42781886d9d3dd762423e45c69323c9a53c57c0f^1,2102,Classical,src/Simulation/QCTraceSimulator/QCTraceSimulatorCore.cs
microsoft/qsharp-runtime,42781886d9d3dd762423e45c69323c9a53c57c0f,42781886d9d3dd762423e45c69323c9a53c57c0f^1,2102,Classical,src/Simulation/QCTraceSimulator/QubitMetrics.cs
microsoft/qsharp-runtime,42781886d9d3dd762423e45c69323c9a53c57c0f,42781886d9d3dd762423e45c69323c9a53c57c0f^1,2102,Classical,src/Simulation/Simulators/QCTraceSimulator/QCTraceSimulatorImpl.cs
microsoft/qsharp-runtime,796dc27a2ec0fb72773aa25ad9057284d9327384,796dc27a2ec0fb72773aa25ad9057284d9327384^1,2105,Classical,src/Simulation/QsharpCore/Reset.qs
microsoft/qsharp-runtime,a9245fb759c6a415fd8daaca733ba78a0e9d9f4f,a9245fb759c6a415fd8daaca733ba78a0e9d9f4f^1,2117,Classical,src/Simulation/Simulators/QCTraceSimulator/QCTraceSimulatorImpl.cs
microsoft/qsharp-runtime,37f2dbec543357b574140f94760e162635de893a,37f2dbec543357b574140f94760e162635de893a^1,2129,Classical,src/Simulation/qdk_sim_rs/build.rs
Qiskit/qiskit-terra,a18ef48c8a9fd0182064c81c0e7d79ad1c4c0ee6,a18ef48c8a9fd0182064c81c0e7d79ad1c4c0ee6^1,225,Quantum,qiskit/_quantumprogram.py
Qiskit/qiskit-terra,a18ef48c8a9fd0182064c81c0e7d79ad1c4c0ee6,a18ef48c8a9fd0182064c81c0e7d79ad1c4c0ee6^1,225,Quantum,qiskit/extensions/standard/barrier.py
Qiskit/qiskit-terra,a18ef48c8a9fd0182064c81c0e7d79ad1c4c0ee6,a18ef48c8a9fd0182064c81c0e7d79ad1c4c0ee6^1,225,Quantum,qiskit/mapper/_coupling.py
Qiskit/qiskit-terra,6b6c370725dec7b61618c1d6f1cc62b8cf1a0907,6b6c370725dec7b61618c1d6f1cc62b8cf1a0907^1,234,Classical,src/qasm-simulator-cpp/src/backends/clifford_backend.hpp
Qiskit/qiskit-terra,00d37c780dba447551e1e544a12b3aef10a43d53,00d37c780dba447551e1e544a12b3aef10a43d53^1,255,Quantum,CHANGELOG.rst
Qiskit/qiskit-terra,00d37c780dba447551e1e544a12b3aef10a43d53,00d37c780dba447551e1e544a12b3aef10a43d53^1,255,Quantum,qiskit/unroll/_circuitbackend.py
Qiskit/qiskit-ignis,439b3ee739fde633337f89b617c18821b25da0ad,439b3ee739fde633337f89b617c18821b25da0ad^1,26,Quantum,qiskit/ignis/characterization/calibrations/pulse_schedules.py
Qiskit/qiskit-ignis,439b3ee739fde633337f89b617c18821b25da0ad,439b3ee739fde633337f89b617c18821b25da0ad^1,26,Quantum,releasenotes/notes/fix-meas-pulse-alignment-drag-0660aeb9609b00a3.yaml
Qiskit/qiskit-ignis,0af27dd1fdd5c4e4d2ef80d21d0375d11a1625fd,0af27dd1fdd5c4e4d2ef80d21d0375d11a1625fd^1,27,Classical,qiskit/ignis/verification/randomized_benchmarking/circuits.py
Qiskit/qiskit-ignis,0af27dd1fdd5c4e4d2ef80d21d0375d11a1625fd,0af27dd1fdd5c4e4d2ef80d21d0375d11a1625fd^1,27,Classical,releasenotes/notes/rb-seed-fix-24957ed1e9ffe31c.yaml
Qiskit/qiskit-ignis,824372e18a42a735bbef37cd8ee61bc5d5821f9f,824372e18a42a735bbef37cd8ee61bc5d5821f9f^1,30,Classical,qiskit/ignis/verification/randomized_benchmarking/dihedral.py
Qiskit/qiskit-ignis,1f7b71999c28483064e91882ef1510ede23ba0e2,1f7b71999c28483064e91882ef1510ede23ba0e2^1,31,Quantum,qiskit/ignis/mitigation/expval/complete_mitigator.py
Qiskit/qiskit-ignis,1f7b71999c28483064e91882ef1510ede23ba0e2,1f7b71999c28483064e91882ef1510ede23ba0e2^1,31,Quantum,qiskit/ignis/mitigation/expval/ctmp_mitigator.py
Qiskit/qiskit-ignis,1f7b71999c28483064e91882ef1510ede23ba0e2,1f7b71999c28483064e91882ef1510ede23ba0e2^1,31,Quantum,qiskit/ignis/mitigation/expval/tensored_mitigator.py
Qiskit/qiskit-ignis,1f7b71999c28483064e91882ef1510ede23ba0e2,1f7b71999c28483064e91882ef1510ede23ba0e2^1,31,Quantum,releasenotes/notes/fix-expval-mit-c2c2701513129316.yaml
Qiskit/qiskit-ignis,864663d2f6212d893731ec2b5678592e4f9a4a02,864663d2f6212d893731ec2b5678592e4f9a4a02^1,32,Classical,qiskit/ignis/verification/topological_codes/fitters.py
Qiskit/qiskit-ignis,2f47127a99b709af2ea1f844aeee8f1d90e49194,2f47127a99b709af2ea1f844aeee8f1d90e49194^1,33,Classical,tox.ini
PennyLaneAI/pennylane,105bc044a0a35684ec961310aca212d49ba5c451,105bc044a0a35684ec961310aca212d49ba5c451^1,35,Classical,openqml-sf/openqml_sf/fock.py
PennyLaneAI/pennylane,105bc044a0a35684ec961310aca212d49ba5c451,105bc044a0a35684ec961310aca212d49ba5c451^1,35,Classical,openqml-sf/openqml_sf/gaussian.py
Qiskit/qiskit-ignis,3694ca68abf54a03e73318e81d8932e6a7159f12,3694ca68abf54a03e73318e81d8932e6a7159f12^1,4,Classical,qiskit/ignis/verification/randomized_benchmarking/circuits.py
Qiskit/qiskit-ignis,3694ca68abf54a03e73318e81d8932e6a7159f12,3694ca68abf54a03e73318e81d8932e6a7159f12^1,4,Classical,qiskit/ignis/verification/tomography/basis/circuits.py
Qiskit/qiskit-ignis,3694ca68abf54a03e73318e81d8932e6a7159f12,3694ca68abf54a03e73318e81d8932e6a7159f12^1,4,Classical,qiskit/ignis/verification/tomography/basis/paulibasis.py
Qiskit/qiskit-terra,103f6ffcee69b924417f59c0cc830815b6728387,103f6ffcee69b924417f59c0cc830815b6728387^1,505,Quantum,qiskit/circuit/quantumcircuit.py
Qiskit/qiskit-terra,3c220265117f6d1a2a9661c7f01852b388ff5be9,3c220265117f6d1a2a9661c7f01852b388ff5be9^1,514,Quantum,qiskit/scheduler/methods/basic.py
Qiskit/qiskit-terra,32aba60331d6a6789e4656fb5c772d913e17389c,32aba60331d6a6789e4656fb5c772d913e17389c^1,556,Quantum,qiskit/assembler/assemble_schedules.py
Qiskit/qiskit-terra,e8c5a7e41b20fe3a4a1370d95a08be0c9b47c489,e8c5a7e41b20fe3a4a1370d95a08be0c9b47c489^1,567,Classical,qiskit/aqua/operators/weighted_pauli_operator.py
Qiskit/qiskit-terra,04f20797eaa1a460e405adb8333508cd73bc448b,04f20797eaa1a460e405adb8333508cd73bc448b^1,663,Quantum,qiskit/pulse/transforms.py
Qiskit/qiskit-terra,04f20797eaa1a460e405adb8333508cd73bc448b,04f20797eaa1a460e405adb8333508cd73bc448b^1,663,Quantum,releasenotes/notes/pulse-schedule-recursion-bugfix-1bf1b7d919cf1a0c.yaml
Qiskit/qiskit-terra,0885e65b630204330113e5f7e570d84dec2ba293,0885e65b630204330113e5f7e570d84dec2ba293^1,679,Classical,qiskit/tools/events/progressbar.py
Qiskit/qiskit-terra,0885e65b630204330113e5f7e570d84dec2ba293,0885e65b630204330113e5f7e570d84dec2ba293^1,679,Classical,qiskit/tools/events/pubsub.py
Qiskit/qiskit-ignis,23d5ef8231d0bb95cb03ad9b1b62ee37757b24b3,23d5ef8231d0bb95cb03ad9b1b62ee37757b24b3^1,7,Classical,qiskit/ignis/mitigation/measurement/circuits.py
Qiskit/qiskit-ignis,23d5ef8231d0bb95cb03ad9b1b62ee37757b24b3,23d5ef8231d0bb95cb03ad9b1b62ee37757b24b3^1,7,Classical,qiskit/ignis/mitigation/measurement/fitters.py
Qiskit/qiskit-ignis,23d5ef8231d0bb95cb03ad9b1b62ee37757b24b3,23d5ef8231d0bb95cb03ad9b1b62ee37757b24b3^1,7,Classical,qiskit/ignis/verification/randomized_benchmarking/fitters.py
Qiskit/qiskit-terra,b0d31257972f2c87cb4d549429372192d0e159e7,b0d31257972f2c87cb4d549429372192d0e159e7^1,700,Quantum,qiskit/circuit/quantumcircuit.py
Qiskit/qiskit-terra,b0d31257972f2c87cb4d549429372192d0e159e7,b0d31257972f2c87cb4d549429372192d0e159e7^1,700,Quantum,releasenotes/notes/4697-append-method-d4dc03b70257e99b.yaml
Qiskit/qiskit-terra,c00602aadf4062b65ab3862fb729a85b20bf004b,c00602aadf4062b65ab3862fb729a85b20bf004b^1,733,Classical,qiskit/providers/backend.py
PennyLaneAI/pennylane,d6ea8b514d41125471b82e821e15ab270003f71a,d6ea8b514d41125471b82e821e15ab270003f71a^1,75,Quantum,pennylane/_qubit_device.py
PennyLaneAI/pennylane,d6ea8b514d41125471b82e821e15ab270003f71a,d6ea8b514d41125471b82e821e15ab270003f71a^1,75,Quantum,pennylane/operation.py
PennyLaneAI/pennylane,d6ea8b514d41125471b82e821e15ab270003f71a,d6ea8b514d41125471b82e821e15ab270003f71a^1,75,Quantum,pennylane/ops/qubit.py
PennyLaneAI/pennylane,d6ea8b514d41125471b82e821e15ab270003f71a,d6ea8b514d41125471b82e821e15ab270003f71a^1,75-5,Quantum,pennylane/_qubit_device.py
PennyLaneAI/pennylane,d6ea8b514d41125471b82e821e15ab270003f71a,d6ea8b514d41125471b82e821e15ab270003f71a^1,75-5,Quantum,pennylane/operation.py
PennyLaneAI/pennylane,d6ea8b514d41125471b82e821e15ab270003f71a,d6ea8b514d41125471b82e821e15ab270003f71a^1,75-5,Quantum,pennylane/ops/qubit.py
PennyLaneAI/pennylane,2096a60c3f94fa9c06dd6a414f8d93b690f136f6,2096a60c3f94fa9c06dd6a414f8d93b690f136f6^1,76,Classical,doc/introduction/circuits.rst
PennyLaneAI/pennylane,2096a60c3f94fa9c06dd6a414f8d93b690f136f6,2096a60c3f94fa9c06dd6a414f8d93b690f136f6^1,76,Classical,doc/introduction/operations.rst
PennyLaneAI/pennylane,2096a60c3f94fa9c06dd6a414f8d93b690f136f6,2096a60c3f94fa9c06dd6a414f8d93b690f136f6^1,76,Classical,pennylane/collections/qnode_collection.py
PennyLaneAI/pennylane,2096a60c3f94fa9c06dd6a414f8d93b690f136f6,2096a60c3f94fa9c06dd6a414f8d93b690f136f6^1,76,Classical,pennylane/vqe/vqe.py
Qiskit/qiskit-terra,cb2110957e4b22df8d1bfe42e353fae83af2a14b,cb2110957e4b22df8d1bfe42e353fae83af2a14b^1,787,Quantum,qiskit/circuit/quantumcircuit.py
Qiskit/qiskit-terra,cb2110957e4b22df8d1bfe42e353fae83af2a14b,cb2110957e4b22df8d1bfe42e353fae83af2a14b^1,787,Quantum,releasenotes/notes/calibrations-add-iadd-265b92f42ffce92a.yaml
Qiskit/qiskit-terra,d2098068d31f4c04e7dee228a27951a3dde3b4f9,d2098068d31f4c04e7dee228a27951a3dde3b4f9^1,862,Quantum,qiskit/result/distributions/probability.py
Qiskit/qiskit-terra,d2098068d31f4c04e7dee228a27951a3dde3b4f9,d2098068d31f4c04e7dee228a27951a3dde3b4f9^1,862,Quantum,qiskit/result/distributions/quasi.py
Qiskit/qiskit-aer,29c8ca5bccad8ec76c5d269c14832d7df4ae6e64,29c8ca5bccad8ec76c5d269c14832d7df4ae6e64^1,950,Classical,qiskit/providers/aer/backends/wrappers/CMakeLists.txt
Qiskit/qiskit-aer,e25aaaea83eaba1319cd0c770d47d1afd2156e0a,e25aaaea83eaba1319cd0c770d47d1afd2156e0a^1,953,Classical,qiskit/providers/aer/backends/aerbackend.py
Qiskit/qiskit-aer,cf5d8027d5a70f45751f1369f548b65c666442e1,cf5d8027d5a70f45751f1369f548b65c666442e1^1,964,Quantum,qiskit/providers/aer/noise/noise_model.py
Qiskit/qiskit-aer,6e4b479700f04ccf1a421b819e88fc2218dcdbd3,6e4b479700f04ccf1a421b819e88fc2218dcdbd3^1,968,Classical,src/base/controller.hpp
Qiskit/qiskit-aer,43580139161c5b96456ff984fa84a47c5fbcca9a,43580139161c5b96456ff984fa84a47c5fbcca9a^1,980,Classical,CHANGELOG.md
Qiskit/qiskit-aer,43580139161c5b96456ff984fa84a47c5fbcca9a,43580139161c5b96456ff984fa84a47c5fbcca9a^1,980,Classical,src/simulators/unitary/unitary_state.hpp
