Bug ID,Bug Type,File,Hash,Repo
1,Classical,cvx_fit.py,ec1b4ce759f1fb8ba0242dd6c4a309fa1b586666,qiskit-ignis
10,Quantum,ibmq_utils.py,e696fee3e52550f50fb240a4c6356c61c9f01725,qiskit-ignis
1010,Quantum,controller.hpp,dc7a2413e6c373455c00cff51e37eaaa17a4a7ac,qiskit-aer
1010,Quantum,qasm_controller.hpp,dc7a2413e6c373455c00cff51e37eaaa17a4a7ac,qiskit-aer
1012,Classical,fix-diagonal-unitary-check-a726500ffda6c74b.yaml,7de864cc989b354d0ad1febbd62b891270927b6b,qiskit-aer
1012,Classical,operations.hpp,7de864cc989b354d0ad1febbd62b891270927b6b,qiskit-aer
1012,Classical,qasm_unitary_gate.py,7de864cc989b354d0ad1febbd62b891270927b6b,qiskit-aer
1012,Classical,ref_diagonal_gate.py,7de864cc989b354d0ad1febbd62b891270927b6b,qiskit-aer
1019,Quantum,fix-density-matrix-diagonal-bb8ce049e2fa3c64.yaml,f3b4303f478ff84bf8da15761827287d3a2f16e4,qiskit-aer
1019,Quantum,densitymatrix_state.hpp,f3b4303f478ff84bf8da15761827287d3a2f16e4,qiskit-aer
1022,Quantum,densitymatrix_thrust.hpp,0eab74b57f2704ad0893132b6c5f214603550c39,qiskit-aer
104,Classical,CHANGELOG.md,01196202394aed89f43d3044d64eb9e41f7d583c,pennylane
104,Classical,default_qubit.py,01196202394aed89f43d3044d64eb9e41f7d583c,pennylane
104,Classical,default_qubit_tf.py,01196202394aed89f43d3044d64eb9e41f7d583c,pennylane
104,Classical,test_default_qubit.py,01196202394aed89f43d3044d64eb9e41f7d583c,pennylane
104,Classical,test_default_qubit_autograd.py,01196202394aed89f43d3044d64eb9e41f7d583c,pennylane
104,Classical,test_default_qubit_tf.py,01196202394aed89f43d3044d64eb9e41f7d583c,pennylane
1057,Classical,fix-c-if-large-register-79d6649395e57ff5.yaml,48498dd0edc4e1ed1ee4bb287edd89541af104b2,qiskit-aer
1057,Classical,creg.hpp,48498dd0edc4e1ed1ee4bb287edd89541af104b2,qiskit-aer
1057,Classical,utils.hpp,48498dd0edc4e1ed1ee4bb287edd89541af104b2,qiskit-aer
1057,Classical,qasm_conditional.py,48498dd0edc4e1ed1ee4bb287edd89541af104b2,qiskit-aer
1057,Classical,statevector_basics.py,48498dd0edc4e1ed1ee4bb287edd89541af104b2,qiskit-aer
1057,Classical,ref_conditionals.py,48498dd0edc4e1ed1ee4bb287edd89541af104b2,qiskit-aer
1067,Quantum,issue1126-e2d51f660b0078db.yaml,72674296de7de6cfdf812595be33a2f6f637a29f,qiskit-aer
1067,Quantum,matrix_product_state.hpp,72674296de7de6cfdf812595be33a2f6f637a29f,qiskit-aer
1067,Quantum,ref_measure.py,72674296de7de6cfdf812595be33a2f6f637a29f,qiskit-aer
107,Quantum,CHANGELOG.md,474f337b176f706a180ac62d6c7840c01f604192,pennylane
107,Quantum,torch.py,474f337b176f706a180ac62d6c7840c01f604192,pennylane
107,Quantum,torch.py,474f337b176f706a180ac62d6c7840c01f604192,pennylane
107,Quantum,torch.py,474f337b176f706a180ac62d6c7840c01f604192,pennylane
107,Quantum,test_qnn_torch.py,474f337b176f706a180ac62d6c7840c01f604192,pennylane
1070,Quantum,qasm_save_expval.py,7fe4f9eadc835705c25c13c753b8550b199efa44,qiskit-aer
1073,Quantum,mps-kraus-bug-1299a1c96e947125.yaml,20c3b06c2464ce0342a920dfbe91c6a496707f7f,qiskit-aer
1073,Quantum,matrix_product_state_internal.cpp,20c3b06c2464ce0342a920dfbe91c6a496707f7f,qiskit-aer
1073,Quantum,svd.hpp,20c3b06c2464ce0342a920dfbe91c6a496707f7f,qiskit-aer
1073,Quantum,qasm_noise.py,20c3b06c2464ce0342a920dfbe91c6a496707f7f,qiskit-aer
1073,Quantum,test_qasm_simulator_matrix_product_state.py,20c3b06c2464ce0342a920dfbe91c6a496707f7f,qiskit-aer
1073,Quantum,ref_kraus_noise.py,20c3b06c2464ce0342a920dfbe91c6a496707f7f,qiskit-aer
1076,Quantum,bug-fix-mps-kraus-764cc96854585030.yaml,759a01f43726d5146422141bfdcc83fc34c180d0,qiskit-aer
1076,Quantum,matrix_product_state_internal.cpp,759a01f43726d5146422141bfdcc83fc34c180d0,qiskit-aer
1076,Quantum,matrix_product_state_internal.hpp,759a01f43726d5146422141bfdcc83fc34c180d0,qiskit-aer
1092,Classical,aer_controller.hpp,bd00cf0e317a262f9b5cc500a07505a8323bc792,qiskit-aer
1092,Classical,controller.hpp,bd00cf0e317a262f9b5cc500a07505a8323bc792,qiskit-aer
1092,Classical,qasm_controller.hpp,bd00cf0e317a262f9b5cc500a07505a8323bc792,qiskit-aer
1092,Classical,utils.hpp,bd00cf0e317a262f9b5cc500a07505a8323bc792,qiskit-aer
1092,Classical,densitymatrix_state_chunk.hpp,bd00cf0e317a262f9b5cc500a07505a8323bc792,qiskit-aer
1092,Classical,state_chunk.hpp,bd00cf0e317a262f9b5cc500a07505a8323bc792,qiskit-aer
1092,Classical,statevector_state_chunk.hpp,bd00cf0e317a262f9b5cc500a07505a8323bc792,qiskit-aer
1092,Classical,cacheblocking.hpp,bd00cf0e317a262f9b5cc500a07505a8323bc792,qiskit-aer
1096,Quantum,fusion.hpp,1cfa05e66c090ed6b57e7631b4935f2a7f5a6aad,qiskit-aer
11,Quantum,test_process_tomography.py,3c59f82c11e87c071bc7e84240b50e2aa995281f,qiskit-ignis
11,Quantum,test_state_tomography.py,3c59f82c11e87c071bc7e84240b50e2aa995281f,qiskit-ignis
110,Classical,default_qubit_tf.py,c0d269e5f1eba2f9d033bd9b6a79c10a11f4228a,pennylane
1102,Classical,.coveralls.yml,722104c40e9526e92a71a2161cb5f2d8757bcbfe,ProjectQ
1102,Classical,.travis.yml,722104c40e9526e92a71a2161cb5f2d8757bcbfe,ProjectQ
1102,Classical,README.rst,722104c40e9526e92a71a2161cb5f2d8757bcbfe,ProjectQ
1102,Classical,conf.py,722104c40e9526e92a71a2161cb5f2d8757bcbfe,ProjectQ
1102,Classical,examples.rst,722104c40e9526e92a71a2161cb5f2d8757bcbfe,ProjectQ
1102,Classical,tutorials.rst,722104c40e9526e92a71a2161cb5f2d8757bcbfe,ProjectQ
1102,Classical,_version.py,722104c40e9526e92a71a2161cb5f2d8757bcbfe,ProjectQ
1102,Classical,_ibm_http_client.py,722104c40e9526e92a71a2161cb5f2d8757bcbfe,ProjectQ
1102,Classical,_ibm_http_client_test.py,722104c40e9526e92a71a2161cb5f2d8757bcbfe,ProjectQ
1103,Classical,_simulator_test.py,81752a9880a6527fbd3b6ebf17ba00fc564979f3,ProjectQ
1105,Classical,_qubit.py,dd34daa10b91e68b89be14c6b375f869ac9d04a2,ProjectQ
1105,Classical,_qubit_test.py,dd34daa10b91e68b89be14c6b375f869ac9d04a2,ProjectQ
1107,Quantum,_basics.py,0e2113b64d616ec303bfff22a38af05a74583bbe,ProjectQ
1107,Quantum,_metagates.py,0e2113b64d616ec303bfff22a38af05a74583bbe,ProjectQ
1107,Quantum,_metagates_test.py,0e2113b64d616ec303bfff22a38af05a74583bbe,ProjectQ
1108,Classical,setup.py,75e7a7fefea232e61327e7d7a7b09345e494c655,ProjectQ
1110,Classical,_time_evolution.py,81f94d479612418552d3b1d628d661dac6a1206c,ProjectQ
1110,Classical,_time_evolution_test.py,81f94d479612418552d3b1d628d661dac6a1206c,ProjectQ
1111,Classical,_loop.py,144c8d1cc06214ff4be2a4ed79d5fa9753c8265b,ProjectQ
1111,Classical,_loop_test.py,144c8d1cc06214ff4be2a4ed79d5fa9753c8265b,ProjectQ
1112,Classical,tutorials.rst,88e2f1823748a82d1f3ad5e877b3a9b1f2aa43ad,ProjectQ
1112,Classical,setup.py,88e2f1823748a82d1f3ad5e877b3a9b1f2aa43ad,ProjectQ
1115,Quantum,.travis.yml,c703417beb3c97f73514d6f39320251a1c7dadab,ProjectQ
1115,Quantum,README.rst,c703417beb3c97f73514d6f39320251a1c7dadab,ProjectQ
1115,Quantum,arb1qubit2rzandry.py,c703417beb3c97f73514d6f39320251a1c7dadab,ProjectQ
1115,Quantum,arb1qubit2rzandry_test.py,c703417beb3c97f73514d6f39320251a1c7dadab,ProjectQ
1116,Quantum,simulator.hpp,62d3fb11578a06131b0105b220651520b2a7338b,ProjectQ
1116,Quantum,_pysim.py,62d3fb11578a06131b0105b220651520b2a7338b,ProjectQ
1116,Quantum,_simulator_test.py,62d3fb11578a06131b0105b220651520b2a7338b,ProjectQ
1118,Classical,projectq.ops.rst,11f45873e20c2fa78fab2b59b5b460ac5f595fc6,ProjectQ
1118,Classical,stateprep2cnot.py,11f45873e20c2fa78fab2b59b5b460ac5f595fc6,ProjectQ
1118,Classical,stateprep2cnot_test.py,11f45873e20c2fa78fab2b59b5b460ac5f595fc6,ProjectQ
1121,Quantum,_drawer_matplotlib.py,67ce24bd5d4aa06eb43c8e094c551c89567ef57d,ProjectQ
1121,Quantum,_plot.py,67ce24bd5d4aa06eb43c8e094c551c89567ef57d,ProjectQ
1122,Classical,README.rst,6ef8a0eeb06267b27bbbe9207b71013e9cca65d4,ProjectQ
1122,Classical,aqt.py,6ef8a0eeb06267b27bbbe9207b71013e9cca65d4,ProjectQ
1122,Classical,ibm.py,6ef8a0eeb06267b27bbbe9207b71013e9cca65d4,ProjectQ
1123,Classical,setup.py,c15f3b25dd2efc426507360a19b6b1dded2ec37e,ProjectQ
1139,Classical,Random.qs,cbf36bc4d8efcac9f4f20bbbc2b87ca302611c91,QuantumLibraries
1156,Quantum,Integer.qs,1c8620c10cfbf016d315668e22766c091502eea4,QuantumLibraries
1156,Quantum,IntegerTests.qs,1c8620c10cfbf016d315668e22766c091502eea4,QuantumLibraries
1175,Classical,SyntaxExtensions.fs,979c3ddb9e58e23dfa3f9ccf75c69b94041934aa,qsharp-compiler
1178,Quantum,CompilationLoader.cs,7173815bb77d20b7cc7a342e8569b77b5e79e612,qsharp-compiler
1188,Classical,Library1.csproj,1ca68a9c43a9d6c05f7fb4cb1ce46295e70d6091,qsharp-compiler
1188,Classical,Example.csproj,1ca68a9c43a9d6c05f7fb4cb1ce46295e70d6091,qsharp-compiler
1195,Classical,build.ps1,34a8c0b0903005d5d9a89b67ef0deec65cb6f0fd,qsharp-compiler
1195,Classical,pack.ps1,34a8c0b0903005d5d9a89b67ef0deec65cb6f0fd,qsharp-compiler
1195,Classical,test.ps1,34a8c0b0903005d5d9a89b67ef0deec65cb6f0fd,qsharp-compiler
1212,Classical,manifest.ps1,b1c3ec68f4bfae42eaaa3e2026f077332cccfa04,qsharp-compiler
1212,Classical,pack-extensions.ps1,b1c3ec68f4bfae42eaaa3e2026f077332cccfa04,qsharp-compiler
1212,Classical,pack.ps1,b1c3ec68f4bfae42eaaa3e2026f077332cccfa04,qsharp-compiler
1216,Quantum,ClassicalControlTests.fs,cb553b73f02833f7e9c74fa83ca787b1c0a7e603,qsharp-compiler
1216,Quantum,ClassicalControl.qs,cb553b73f02833f7e9c74fa83ca787b1c0a7e603,qsharp-compiler
1216,Quantum,Signatures.fs,cb553b73f02833f7e9c74fa83ca787b1c0a7e603,qsharp-compiler
1216,Quantum,ClassicallyControlled.cs,cb553b73f02833f7e9c74fa83ca787b1c0a7e603,qsharp-compiler
1217,Quantum,Monomorphization.cs,c2f8e0e712fc698d93ef9b4991444874a7c04b50,qsharp-compiler
1217,Quantum,CallGraphTests.fs,c2f8e0e712fc698d93ef9b4991444874a7c04b50,qsharp-compiler
1217,Quantum,PopulateCallGraph.qs,c2f8e0e712fc698d93ef9b4991444874a7c04b50,qsharp-compiler
1217,Quantum,Signatures.fs,c2f8e0e712fc698d93ef9b4991444874a7c04b50,qsharp-compiler
1217,Quantum,ConcreteCallGraphWalker.cs,c2f8e0e712fc698d93ef9b4991444874a7c04b50,qsharp-compiler
1217,Quantum,Monomorphization.cs,c2f8e0e712fc698d93ef9b4991444874a7c04b50,qsharp-compiler
1220,Quantum,LinkingTests.fs,d2f3de6cd0fd072569fc125cfe89941b0a40c968,qsharp-compiler
1220,Quantum,Monomorphization.qs,d2f3de6cd0fd072569fc125cfe89941b0a40c968,qsharp-compiler
1220,Quantum,Monomorphization.cs,d2f3de6cd0fd072569fc125cfe89941b0a40c968,qsharp-compiler
1221,Classical,Logging.cs,3ffd626b249f836369054cc1aa9e5d2f8aadfe0b,qsharp-compiler
1221,Classical,CompilationManager.csproj,3ffd626b249f836369054cc1aa9e5d2f8aadfe0b,qsharp-compiler
1221,Classical,DiagnosticTools.cs,3ffd626b249f836369054cc1aa9e5d2f8aadfe0b,qsharp-compiler
1221,Classical,Diagnostics.cs,3ffd626b249f836369054cc1aa9e5d2f8aadfe0b,qsharp-compiler
1221,Classical,CodeCompletion.cs,3ffd626b249f836369054cc1aa9e5d2f8aadfe0b,qsharp-compiler
1221,Classical,EditorCommands.cs,3ffd626b249f836369054cc1aa9e5d2f8aadfe0b,qsharp-compiler
1221,Classical,SymbolInformation.cs,3ffd626b249f836369054cc1aa9e5d2f8aadfe0b,qsharp-compiler
1221,Classical,ProjectManager.cs,3ffd626b249f836369054cc1aa9e5d2f8aadfe0b,qsharp-compiler
1221,Classical,Utils.cs,3ffd626b249f836369054cc1aa9e5d2f8aadfe0b,qsharp-compiler
1221,Classical,LoadedStep.cs,3ffd626b249f836369054cc1aa9e5d2f8aadfe0b,qsharp-compiler
1221,Classical,Logging.cs,3ffd626b249f836369054cc1aa9e5d2f8aadfe0b,qsharp-compiler
1221,Classical,Communication.cs,3ffd626b249f836369054cc1aa9e5d2f8aadfe0b,qsharp-compiler
1221,Classical,LanguageServer.cs,3ffd626b249f836369054cc1aa9e5d2f8aadfe0b,qsharp-compiler
1221,Classical,LanguageServer.csproj,3ffd626b249f836369054cc1aa9e5d2f8aadfe0b,qsharp-compiler
1221,Classical,CallGraphTests.fs,3ffd626b249f836369054cc1aa9e5d2f8aadfe0b,qsharp-compiler
1221,Classical,CompilationLoaderTests.fs,3ffd626b249f836369054cc1aa9e5d2f8aadfe0b,qsharp-compiler
1221,Classical,LinkingTests.fs,3ffd626b249f836369054cc1aa9e5d2f8aadfe0b,qsharp-compiler
1221,Classical,SetupVerificationTests.fs,3ffd626b249f836369054cc1aa9e5d2f8aadfe0b,qsharp-compiler
1221,Classical,TestSetup.cs,3ffd626b249f836369054cc1aa9e5d2f8aadfe0b,qsharp-compiler
1221,Classical,Tests.LanguageServer.csproj,3ffd626b249f836369054cc1aa9e5d2f8aadfe0b,qsharp-compiler
1221,Classical,Tests.cs,3ffd626b249f836369054cc1aa9e5d2f8aadfe0b,qsharp-compiler
1222,Classical,ExpressionKindTransformation.cs,1af31ba43561e9cbfa99be70e633f6d39a4fa71e,qsharp-compiler
1222,Classical,QirTests.fs,1af31ba43561e9cbfa99be70e633f6d39a4fa71e,qsharp-compiler
1222,Classical,TestShortCircuiting.ll,1af31ba43561e9cbfa99be70e633f6d39a4fa71e,qsharp-compiler
1222,Classical,TestShortCircuiting.qs,1af31ba43561e9cbfa99be70e633f6d39a4fa71e,qsharp-compiler
1222,Classical,Tests.Compiler.fsproj,1af31ba43561e9cbfa99be70e633f6d39a4fa71e,qsharp-compiler
1229,Classical,Context.cs,ed60c81e5192cddd5f7342c08a1c00d392473127,qsharp-compiler
1229,Classical,ScopeManager.cs,ed60c81e5192cddd5f7342c08a1c00d392473127,qsharp-compiler
1229,Classical,StatementKindTransformation.cs,ed60c81e5192cddd5f7342c08a1c00d392473127,qsharp-compiler
1229,Classical,QirTests.fs,ed60c81e5192cddd5f7342c08a1c00d392473127,qsharp-compiler
1229,Classical,TestBools.ll,ed60c81e5192cddd5f7342c08a1c00d392473127,qsharp-compiler
1229,Classical,TestConditional1.ll,ed60c81e5192cddd5f7342c08a1c00d392473127,qsharp-compiler
1229,Classical,TestConditional3.ll,ed60c81e5192cddd5f7342c08a1c00d392473127,qsharp-compiler
1229,Classical,TestReferenceCounts.ll,ed60c81e5192cddd5f7342c08a1c00d392473127,qsharp-compiler
1229,Classical,TestReferenceCounts.qs,ed60c81e5192cddd5f7342c08a1c00d392473127,qsharp-compiler
1229,Classical,TestReferenceCounts1.ll,ed60c81e5192cddd5f7342c08a1c00d392473127,qsharp-compiler
1229,Classical,TestReferenceCounts2.ll,ed60c81e5192cddd5f7342c08a1c00d392473127,qsharp-compiler
1229,Classical,Tests.Compiler.fsproj,ed60c81e5192cddd5f7342c08a1c00d392473127,qsharp-compiler
1230,Classical,Context.cs,4cfa49817b99a1fd6a9c74f0ff3b1e84a84ac74c,qsharp-compiler
1230,Classical,DataStructures.cs,4cfa49817b99a1fd6a9c74f0ff3b1e84a84ac74c,qsharp-compiler
1230,Classical,ExpressionKindTransformation.cs,4cfa49817b99a1fd6a9c74f0ff3b1e84a84ac74c,qsharp-compiler
1230,Classical,QirTests.fs,4cfa49817b99a1fd6a9c74f0ff3b1e84a84ac74c,qsharp-compiler
1230,Classical,TestArrayUpdate5.ll,4cfa49817b99a1fd6a9c74f0ff3b1e84a84ac74c,qsharp-compiler
1230,Classical,TestCaching.ll,4cfa49817b99a1fd6a9c74f0ff3b1e84a84ac74c,qsharp-compiler
1230,Classical,TestCaching.qs,4cfa49817b99a1fd6a9c74f0ff3b1e84a84ac74c,qsharp-compiler
1230,Classical,TestCaching1.ll,4cfa49817b99a1fd6a9c74f0ff3b1e84a84ac74c,qsharp-compiler
1230,Classical,TestCaching2.ll,4cfa49817b99a1fd6a9c74f0ff3b1e84a84ac74c,qsharp-compiler
1230,Classical,TestCaching3.ll,4cfa49817b99a1fd6a9c74f0ff3b1e84a84ac74c,qsharp-compiler
1230,Classical,TestRepeat.ll,4cfa49817b99a1fd6a9c74f0ff3b1e84a84ac74c,qsharp-compiler
1230,Classical,TestUdtUpdate1.ll,4cfa49817b99a1fd6a9c74f0ff3b1e84a84ac74c,qsharp-compiler
1230,Classical,Tests.Compiler.fsproj,4cfa49817b99a1fd6a9c74f0ff3b1e84a84ac74c,qsharp-compiler
1233,Classical,ExpressionKindTransformation.cs,2dbaea713e9fe1925a4b14483d37c0decaea6ba8,qsharp-compiler
1233,Classical,QirTests.fs,2dbaea713e9fe1925a4b14483d37c0decaea6ba8,qsharp-compiler
1233,Classical,TestEntryPoint2.ll,2dbaea713e9fe1925a4b14483d37c0decaea6ba8,qsharp-compiler
1233,Classical,TestPartials.qs,2dbaea713e9fe1925a4b14483d37c0decaea6ba8,qsharp-compiler
1233,Classical,TestPartials1.ll,2dbaea713e9fe1925a4b14483d37c0decaea6ba8,qsharp-compiler
1233,Classical,TestPartials7.ll,2dbaea713e9fe1925a4b14483d37c0decaea6ba8,qsharp-compiler
1233,Classical,TestStrings.ll,2dbaea713e9fe1925a4b14483d37c0decaea6ba8,qsharp-compiler
1233,Classical,Tests.Compiler.fsproj,2dbaea713e9fe1925a4b14483d37c0decaea6ba8,qsharp-compiler
1234,Classical,Sdk.targets,c3d1a09f70960d09af68e805294962e7e6c690d8,qsharp-compiler
1245,Quantum,cc_light_scheduler.h,bc0d1c7981a71349d6b1fd816276df8645dfc010,OpenQL
1246,Classical,CMakeLists.txt,a8494680613fc0912aa4bb9184d0a4d8b1f94a08,OpenQL
1246,Classical,quick_feature_test.makefile,a8494680613fc0912aa4bb9184d0a4d8b1f94a08,OpenQL
1246,Classical,quick_feature_test.py,a8494680613fc0912aa4bb9184d0a4d8b1f94a08,OpenQL
1246,Classical,temp.txt,a8494680613fc0912aa4bb9184d0a4d8b1f94a08,OpenQL
1246,Classical,test_bugs.py,a8494680613fc0912aa4bb9184d0a4d8b1f94a08,OpenQL
1254,Quantum,quick_feature_test.py,9a443a2ddd15349d2750edcf5b9cbbbef82e5929,OpenQL
1254,Quantum,cc_light_resource_manager.h,9a443a2ddd15349d2750edcf5b9cbbbef82e5929,OpenQL
1254,Quantum,cc_light_scheduler.h,9a443a2ddd15349d2750edcf5b9cbbbef82e5929,OpenQL
1254,Quantum,scheduler.h,9a443a2ddd15349d2750edcf5b9cbbbef82e5929,OpenQL
1254,Quantum,utils.h,9a443a2ddd15349d2750edcf5b9cbbbef82e5929,OpenQL
1254,Quantum,test_barrier.qisa,9a443a2ddd15349d2750edcf5b9cbbbef82e5929,OpenQL
1254,Quantum,test_smit_all_bundled.qisa,9a443a2ddd15349d2750edcf5b9cbbbef82e5929,OpenQL
1254,Quantum,test_wait_barrier.qisa,9a443a2ddd15349d2750edcf5b9cbbbef82e5929,OpenQL
1254,Quantum,test_wait_parallel.qisa,9a443a2ddd15349d2750edcf5b9cbbbef82e5929,OpenQL
1254,Quantum,test_wait.py,9a443a2ddd15349d2750edcf5b9cbbbef82e5929,OpenQL
1257,Classical,CMakeLists.txt,3615bb3bba9d1f664f485139e123073df3419967,OpenQL
128,Classical,CHANGELOG.md,c267cd0337414a6e3e8296629a8914032806cda7,pennylane
128,Classical,_grad.py,c267cd0337414a6e3e8296629a8914032806cda7,pennylane
128,Classical,gradient_descent.py,c267cd0337414a6e3e8296629a8914032806cda7,pennylane
128,Classical,nesterov_momentum.py,c267cd0337414a6e3e8296629a8914032806cda7,pennylane
128,Classical,test_default_qubit_autograd.py,c267cd0337414a6e3e8296629a8914032806cda7,pennylane
128,Classical,test_autograd.py,c267cd0337414a6e3e8296629a8914032806cda7,pennylane
128,Classical,test_autograd_box.py,c267cd0337414a6e3e8296629a8914032806cda7,pennylane
128,Classical,test_functions.py,c267cd0337414a6e3e8296629a8914032806cda7,pennylane
128,Classical,test_qnode_autograd.py,c267cd0337414a6e3e8296629a8914032806cda7,pennylane
128,Classical,test_classical_gradients.py,c267cd0337414a6e3e8296629a8914032806cda7,pennylane
1327,Classical,setup.py,367485cfc7ff58eb99a84591f3b007365f6cad3b,Cirq
1331,Quantum,eject_full_w.py,342bcc3cfe455e403dbf51a3bf71e85211c3cf36,Cirq
1331,Quantum,eject_full_w_test.py,342bcc3cfe455e403dbf51a3bf71e85211c3cf36,Cirq
1331,Quantum,eject_z.py,342bcc3cfe455e403dbf51a3bf71e85211c3cf36,Cirq
136,Quantum,CHANGELOG.md,1a48733e25caa373966a03dcc0d073420fcd5fed,pennylane
136,Quantum,tape.py,1a48733e25caa373966a03dcc0d073420fcd5fed,pennylane
136,Quantum,test_tape_torch.py,1a48733e25caa373966a03dcc0d073420fcd5fed,pennylane
1372,Quantum,controlled_gate.py,94181e2784bf9a7b4259503db8a4f6808325bcf2,Cirq
1372,Quantum,controlled_gate_test.py,94181e2784bf9a7b4259503db8a4f6808325bcf2,Cirq
138,Quantum,CHANGELOG.md,ee9436ca19e40fa20fac83d1da3c4fd6571fb48c,pennylane
138,Quantum,_device.py,ee9436ca19e40fa20fac83d1da3c4fd6571fb48c,pennylane
138,Quantum,_qubit_device.py,ee9436ca19e40fa20fac83d1da3c4fd6571fb48c,pennylane
138,Quantum,qnode.py,ee9436ca19e40fa20fac83d1da3c4fd6571fb48c,pennylane
138,Quantum,test_qubit_device.py,ee9436ca19e40fa20fac83d1da3c4fd6571fb48c,pennylane
140,Classical,CHANGELOG.md,ef87a8cf35accfbb556fab13210288f9c46b358b,pennylane
140,Classical,tape.py,ef87a8cf35accfbb556fab13210288f9c46b358b,pennylane
140,Classical,amplitude.py,ef87a8cf35accfbb556fab13210288f9c46b358b,pennylane
140,Classical,particle_conserving_u1.py,ef87a8cf35accfbb556fab13210288f9c46b358b,pennylane
140,Classical,particle_conserving_u2.py,ef87a8cf35accfbb556fab13210288f9c46b358b,pennylane
140,Classical,adjoint.py,ef87a8cf35accfbb556fab13210288f9c46b358b,pennylane
140,Classical,utils.py,ef87a8cf35accfbb556fab13210288f9c46b358b,pennylane
140,Classical,test_default_qubit.py,ef87a8cf35accfbb556fab13210288f9c46b358b,pennylane
140,Classical,test_tape.py,ef87a8cf35accfbb556fab13210288f9c46b358b,pennylane
140,Classical,test_particle_conserving_u1.py,ef87a8cf35accfbb556fab13210288f9c46b358b,pennylane
140,Classical,test_particle_conserving_u2.py,ef87a8cf35accfbb556fab13210288f9c46b358b,pennylane
140,Classical,test_utils.py,ef87a8cf35accfbb556fab13210288f9c46b358b,pennylane
140,Classical,test_adjoint.py,ef87a8cf35accfbb556fab13210288f9c46b358b,pennylane
1417,Quantum,decompositions_test.py,a3ab283cecf50c9e74e6f5a586e07f63e55cac8a,Cirq
1464,Quantum,n_qubit_tomography.py,4dae9b2c766fb9cd5a24bce655020b63c0ed47ac,Cirq
1464,Quantum,n_qubit_tomography_test.py,4dae9b2c766fb9cd5a24bce655020b63c0ed47ac,Cirq
1467,Classical,n_qubit_tomography_test.py,875132cf97190c016023c20958f69a675376a160,Cirq
1496,Quantum,decompositions.py,df52d1c6168d2f64cef4045b1c4a149c98e807d3,Cirq
1496,Quantum,decompositions_test.py,df52d1c6168d2f64cef4045b1c4a149c98e807d3,Cirq
1496,Quantum,pauli_string.py,df52d1c6168d2f64cef4045b1c4a149c98e807d3,Cirq
1496,Quantum,pauli_string_phasor.py,df52d1c6168d2f64cef4045b1c4a149c98e807d3,Cirq
1496,Quantum,pauli_string_phasor_test.py,df52d1c6168d2f64cef4045b1c4a149c98e807d3,Cirq
1496,Quantum,pauli_string_test.py,df52d1c6168d2f64cef4045b1c4a149c98e807d3,Cirq
1496,Quantum,density_matrix_simulator_test.py,df52d1c6168d2f64cef4045b1c4a149c98e807d3,Cirq
1496,Quantum,sparse_simulator_test.py,df52d1c6168d2f64cef4045b1c4a149c98e807d3,Cirq
150,Quantum,CHANGELOG.md,a4d7abdc047869a2d378e54c7b1cc0b036ae7625,pennylane
150,Quantum,autograd.py,a4d7abdc047869a2d378e54c7b1cc0b036ae7625,pennylane
150,Quantum,jacobian_tape.py,a4d7abdc047869a2d378e54c7b1cc0b036ae7625,pennylane
150,Quantum,test_jacobian_tape.py,a4d7abdc047869a2d378e54c7b1cc0b036ae7625,pennylane
150,Quantum,test_qubit_device_adjoint_jacobian.py,a4d7abdc047869a2d378e54c7b1cc0b036ae7625,pennylane
1518,Classical,_compat.py,7c8c959e5e4b90f857cd1539279c51d30224033c,Cirq
1518,Classical,_compat_test.py,7c8c959e5e4b90f857cd1539279c51d30224033c,Cirq
1518,Classical,json_serialization.py,7c8c959e5e4b90f857cd1539279c51d30224033c,Cirq
1518,Classical,TrialResult.json,7c8c959e5e4b90f857cd1539279c51d30224033c,Cirq
1518,Classical,TrialResult.repr,7c8c959e5e4b90f857cd1539279c51d30224033c,Cirq
1518,Classical,result.py,7c8c959e5e4b90f857cd1539279c51d30224033c,Cirq
1518,Classical,result_test.py,7c8c959e5e4b90f857cd1539279c51d30224033c,Cirq
1537,Classical,ci.yml,00f29904c6de484c6bd273fdca47bc80a0f84eba,Cirq
1537,Classical,mypy.ini,00f29904c6de484c6bd273fdca47bc80a0f84eba,Cirq
1537,Classical,pip-install-minimal-for-pytest-changed-files.sh,00f29904c6de484c6bd273fdca47bc80a0f84eba,Cirq
1537,Classical,pip-list-dev-tools.txt,00f29904c6de484c6bd273fdca47bc80a0f84eba,Cirq
1537,Classical,conftest.py,00f29904c6de484c6bd273fdca47bc80a0f84eba,Cirq
1537,Classical,notebook_test.py,00f29904c6de484c6bd273fdca47bc80a0f84eba,Cirq
1537,Classical,transform.ipynb,00f29904c6de484c6bd273fdca47bc80a0f84eba,Cirq
154,Quantum,CHANGELOG.md,614db57b02536bb09fbfbae853ceff8878b928af,pennylane
154,Quantum,torch.py,614db57b02536bb09fbfbae853ceff8878b928af,pennylane
1555,Classical,results.py,18c97b3fc3f776a830b25871aabc2b6b1255b301,Cirq
1555,Classical,results_test.py,18c97b3fc3f776a830b25871aabc2b6b1255b301,Cirq
156,Classical,CHANGELOG.md,a5b9b23952b7cad3528d0b64f1084d0e40b563ab,pennylane
156,Classical,qubit.py,a5b9b23952b7cad3528d0b64f1084d0e40b563ab,pennylane
156,Classical,adjoint.py,a5b9b23952b7cad3528d0b64f1084d0e40b563ab,pennylane
156,Classical,test_qubit_ops.py,a5b9b23952b7cad3528d0b64f1084d0e40b563ab,pennylane
1571,Classical,_compat.py,51dc09663cc862b7a964aaab2c59952737a44b7b,Cirq
1571,Classical,_compat_test.py,51dc09663cc862b7a964aaab2c59952737a44b7b,Cirq
159,Quantum,CHANGELOG.md,c9745b96717854aeba77ba9b43e8144115f63a28,pennylane
159,Quantum,tape.py,c9745b96717854aeba77ba9b43e8144115f63a28,pennylane
159,Quantum,test_vqe.py,c9745b96717854aeba77ba9b43e8144115f63a28,pennylane
16,Quantum,analysis.py,838bc0f750d63b4ea14789fd174f9a10f51f61c2,qiskit-ignis
16,Quantum,__init__.py,838bc0f750d63b4ea14789fd174f9a10f51f61c2,qiskit-ignis
16,Quantum,test_entanglement.py,838bc0f750d63b4ea14789fd174f9a10f51f61c2,qiskit-ignis
16,Quantum,test_entanglemet.py,838bc0f750d63b4ea14789fd174f9a10f51f61c2,qiskit-ignis
160,Quantum,CHANGELOG.md,382b4f58b3c22cc2cfbb84205087733228b54807,pennylane
160,Quantum,hamiltonian_expand.py,382b4f58b3c22cc2cfbb84205087733228b54807,pennylane
160,Quantum,test_hamiltonian.py,382b4f58b3c22cc2cfbb84205087733228b54807,pennylane
160,Quantum,test_hamiltonian_expand.py,382b4f58b3c22cc2cfbb84205087733228b54807,pennylane
1612,Quantum,merge_interactions.py,504bdbb9bb30249d85ecf7ba199b047150ee33f3,Cirq
1612,Quantum,merge_interactions_test.py,504bdbb9bb30249d85ecf7ba199b047150ee33f3,Cirq
1633,Quantum,ascii_circuit_diagram.py,ab63ab5fd81d1432f178d6ec3c3a061adfe62145,amazon-braket-sdk-python
1633,Quantum,moments.py,ab63ab5fd81d1432f178d6ec3c3a061adfe62145,amazon-braket-sdk-python
1633,Quantum,test_ascii_circuit_diagram.py,ab63ab5fd81d1432f178d6ec3c3a061adfe62145,amazon-braket-sdk-python
1633,Quantum,test_moments.py,ab63ab5fd81d1432f178d6ec3c3a061adfe62145,amazon-braket-sdk-python
1651,Quantum,circuit.py,29ccb5a17dbc05e2a5f8e9e5da23b9410eec1fbe,amazon-braket-sdk-python
1651,Quantum,gate_model_device_testing_utils.py,29ccb5a17dbc05e2a5f8e9e5da23b9410eec1fbe,amazon-braket-sdk-python
1651,Quantum,test_local_braket_simulator.py,29ccb5a17dbc05e2a5f8e9e5da23b9410eec1fbe,amazon-braket-sdk-python
1651,Quantum,test_simulator_quantum_task.py,29ccb5a17dbc05e2a5f8e9e5da23b9410eec1fbe,amazon-braket-sdk-python
1651,Quantum,test_circuit.py,29ccb5a17dbc05e2a5f8e9e5da23b9410eec1fbe,amazon-braket-sdk-python
1652,Classical,aws_quantum_task.py,ef5e18ea5c88b5ee30d8012c790e06c78da810a8,amazon-braket-sdk-python
1652,Classical,test_aws_quantum_task.py,ef5e18ea5c88b5ee30d8012c790e06c78da810a8,amazon-braket-sdk-python
1659,Classical,README.md,bf724236a3fcfdc5bab1a3dddf28e983cbf90038,amazon-braket-sdk-python
1659,Classical,aws_device.py,bf724236a3fcfdc5bab1a3dddf28e983cbf90038,amazon-braket-sdk-python
1659,Classical,gate_model_device_testing_utils.py,bf724236a3fcfdc5bab1a3dddf28e983cbf90038,amazon-braket-sdk-python
1659,Classical,test_simulator_quantum_task.py,bf724236a3fcfdc5bab1a3dddf28e983cbf90038,amazon-braket-sdk-python
1659,Classical,test_tensor_network_simulator.py,bf724236a3fcfdc5bab1a3dddf28e983cbf90038,amazon-braket-sdk-python
1659,Classical,common_test_utils.py,bf724236a3fcfdc5bab1a3dddf28e983cbf90038,amazon-braket-sdk-python
1659,Classical,test_aws_device.py,bf724236a3fcfdc5bab1a3dddf28e983cbf90038,amazon-braket-sdk-python
1660,Classical,aws_device.py,5164b39363dd2d8d46152953e066c33789babe8c,amazon-braket-sdk-python
1660,Classical,test_aws_device.py,5164b39363dd2d8d46152953e066c33789babe8c,amazon-braket-sdk-python
1662,Classical,test_tensor_network_simulator.py,3ddde05e03643a867c6b4266d835d00ea57c9d67,amazon-braket-sdk-python
1663,Classical,aws_quantum_task.py,baaccfd47b4ca6a015e6446b580aef3584fede3d,amazon-braket-sdk-python
1667,Quantum,CODEOWNERS,ba4cea0217ea96ea825533c6af01f24647bbda90,amazon-braket-sdk-python
1667,Quantum,aws_device.py,ba4cea0217ea96ea825533c6af01f24647bbda90,amazon-braket-sdk-python
1667,Quantum,test_aws_device.py,ba4cea0217ea96ea825533c6af01f24647bbda90,amazon-braket-sdk-python
1678,Quantum,angled_gate.py,9bdf26cb7e8a0973fe33e880cf0623189a33fe6b,amazon-braket-sdk-python
1678,Quantum,gate.py,9bdf26cb7e8a0973fe33e880cf0623189a33fe6b,amazon-braket-sdk-python
1678,Quantum,gates.py,9bdf26cb7e8a0973fe33e880cf0623189a33fe6b,amazon-braket-sdk-python
1678,Quantum,noise.py,9bdf26cb7e8a0973fe33e880cf0623189a33fe6b,amazon-braket-sdk-python
1678,Quantum,noise_helpers.py,9bdf26cb7e8a0973fe33e880cf0623189a33fe6b,amazon-braket-sdk-python
1678,Quantum,noises.py,9bdf26cb7e8a0973fe33e880cf0623189a33fe6b,amazon-braket-sdk-python
1678,Quantum,quantum_operator.py,9bdf26cb7e8a0973fe33e880cf0623189a33fe6b,amazon-braket-sdk-python
1678,Quantum,test_gates.py,9bdf26cb7e8a0973fe33e880cf0623189a33fe6b,amazon-braket-sdk-python
1678,Quantum,test_noise_helpers.py,9bdf26cb7e8a0973fe33e880cf0623189a33fe6b,amazon-braket-sdk-python
1678,Quantum,test_noises.py,9bdf26cb7e8a0973fe33e880cf0623189a33fe6b,amazon-braket-sdk-python
1678,Quantum,test_quantum_operator.py,9bdf26cb7e8a0973fe33e880cf0623189a33fe6b,amazon-braket-sdk-python
1680,Classical,observable.py,74905c286284164d7a1e05c8c0775474dd093b9b,amazon-braket-sdk-python
1680,Classical,observables.py,74905c286284164d7a1e05c8c0775474dd093b9b,amazon-braket-sdk-python
1680,Classical,test_observables.py,74905c286284164d7a1e05c8c0775474dd093b9b,amazon-braket-sdk-python
1682,Classical,circuit.py,cc704fa77d1570729f887a230ef9fc60bcff8df5,amazon-braket-sdk-python
1682,Classical,instruction.py,cc704fa77d1570729f887a230ef9fc60bcff8df5,amazon-braket-sdk-python
1682,Classical,moments.py,cc704fa77d1570729f887a230ef9fc60bcff8df5,amazon-braket-sdk-python
1682,Classical,result_type.py,cc704fa77d1570729f887a230ef9fc60bcff8df5,amazon-braket-sdk-python
1685,Classical,folding_cirq.py,1d9640d6be47cd575034e243cfa12e8668cfc9ad,mitiq
1685,Classical,folding_pyquil.py,1d9640d6be47cd575034e243cfa12e8668cfc9ad,mitiq
1687,Quantum,guide-folding.rst,5fc12d5e4688ba4006eb4a733379b61c0e9c2b45,mitiq
1687,Quantum,folding.py,5fc12d5e4688ba4006eb4a733379b61c0e9c2b45,mitiq
1687,Quantum,test_folding.py,5fc12d5e4688ba4006eb4a733379b61c0e9c2b45,mitiq
1688,Quantum,maxcut.py,ce91935c9cc3107eb49f5aad32ded6bf689b777a,mitiq
1697,Classical,guide-getting-started.rst,03e0d069752a1c92027b5988428ad08249bdd68b,mitiq
1702,Quantum,folding.py,4d260bd6545c20f3b1fefc2c843fb67d1296cb45,mitiq
1702,Quantum,test_folding.py,4d260bd6545c20f3b1fefc2c843fb67d1296cb45,mitiq
1705,Classical,CHANGELOG.md,6f66672740d1322995916dbeb1ffc2f94403baac,mitiq
1705,Classical,_about.py,6f66672740d1322995916dbeb1ffc2f94403baac,mitiq
1736,Quantum,qubit_wavefunction.py,a67fe808c165c5f30a30d9745cfb8155b47c7eca,tequila
1736,Quantum,test_simulator_backends.py,a67fe808c165c5f30a30d9745cfb8155b47c7eca,tequila
1742,Quantum,ci_backends.yml,4381d315ea1f0b17cbb68243f756d83b73d759d0,tequila
1742,Quantum,ci_optimizers.yml,4381d315ea1f0b17cbb68243f756d83b73d759d0,tequila
1742,Quantum,qc_base.py,4381d315ea1f0b17cbb68243f756d83b73d759d0,tequila
1744,Quantum,qc_base.py,0637f83c354c70bac95acef5a41ffa7cf3c48e3b,tequila
1745,Classical,qc_base.py,9b673ce6df5dc35eacb2f8a4bfae76ff5b243a86,tequila
1820,Quantum,gallery.rst,dd7668c30c0e20730ea1d80cab91c7247e71af5f,strawberryfields
1820,Quantum,backend.py,dd7668c30c0e20730ea1d80cab91c7247e71af5f,strawberryfields
1820,Quantum,backend.py,dd7668c30c0e20730ea1d80cab91c7247e71af5f,strawberryfields
1820,Quantum,backend.py,dd7668c30c0e20730ea1d80cab91c7247e71af5f,strawberryfields
1820,Quantum,ops.py,dd7668c30c0e20730ea1d80cab91c7247e71af5f,strawberryfields
1820,Quantum,test_beamsplitter_operation.py,dd7668c30c0e20730ea1d80cab91c7247e71af5f,strawberryfields
1829,Classical,ops.py,5ecac45f620bb9769b2e2ab4ea9d456459b96131,strawberryfields
1829,Classical,utils.py,5ecac45f620bb9769b2e2ab4ea9d456459b96131,strawberryfields
1829,Classical,test_ops_decompositions.py,5ecac45f620bb9769b2e2ab4ea9d456459b96131,strawberryfields
1829,Classical,test_program.py,5ecac45f620bb9769b2e2ab4ea9d456459b96131,strawberryfields
1829,Classical,test_utils.py,5ecac45f620bb9769b2e2ab4ea9d456459b96131,strawberryfields
1829,Classical,test_decompositions_integration.py,5ecac45f620bb9769b2e2ab4ea9d456459b96131,strawberryfields
1836,Quantum,similarity.py,5da0791d293655251bf67481aa8657315899af8d,strawberryfields
1836,Quantum,test_similarity.py,5da0791d293655251bf67481aa8657315899af8d,strawberryfields
1839,Quantum,sample.py,bcbafdd6c98dee67f4a1e3265a1a9c6a6117c81d,strawberryfields
1839,Quantum,test_sample.py,bcbafdd6c98dee67f4a1e3265a1a9c6a6117c81d,strawberryfields
1846,Classical,connection.py,a168124c8fc5a51e99e8808e756b7fbd678be9bd,strawberryfields
1846,Classical,test_connection.py,a168124c8fc5a51e99e8808e756b7fbd678be9bd,strawberryfields
1847,Classical,engine.py,beb7500622712186a9bf7f27fd3d8f354ac17d35,strawberryfields
1851,Classical,CHANGELOG.md,19b6b634e54fc612e9b92673dd25d2c3e25a09f5,strawberryfields
1851,Classical,circuit.py,19b6b634e54fc612e9b92673dd25d2c3e25a09f5,strawberryfields
1854,Classical,CHANGELOG.md,2e6d558e92bcd28da0ac76d88a7eb6d59667cc69,strawberryfields
1854,Classical,ops.py,2e6d558e92bcd28da0ac76d88a7eb6d59667cc69,strawberryfields
1854,Classical,states.py,2e6d558e92bcd28da0ac76d88a7eb6d59667cc69,strawberryfields
1854,Classical,test_tf_ops.py,2e6d558e92bcd28da0ac76d88a7eb6d59667cc69,strawberryfields
1854,Classical,test_tf_integration.py,2e6d558e92bcd28da0ac76d88a7eb6d59667cc69,strawberryfields
1854-5,Quantum,CHANGELOG.md,2e6d558e92bcd28da0ac76d88a7eb6d59667cc69,strawberryfields
1854-5,Quantum,ops.py,2e6d558e92bcd28da0ac76d88a7eb6d59667cc69,strawberryfields
1854-5,Quantum,states.py,2e6d558e92bcd28da0ac76d88a7eb6d59667cc69,strawberryfields
1854-5,Quantum,test_tf_ops.py,2e6d558e92bcd28da0ac76d88a7eb6d59667cc69,strawberryfields
1854-5,Quantum,test_tf_integration.py,2e6d558e92bcd28da0ac76d88a7eb6d59667cc69,strawberryfields
1858,Classical,CHANGELOG.md,c7173f9052a1166bc1a205141033e98331cf0de9,strawberryfields
1858,Classical,ops.py,c7173f9052a1166bc1a205141033e98331cf0de9,strawberryfields
1858,Classical,test_ops_gate.py,c7173f9052a1166bc1a205141033e98331cf0de9,strawberryfields
1860,Classical,ops.py,6fd7aaa2332eb2d283034b03984acaeb06e785ac,strawberryfields
1860,Classical,states.py,6fd7aaa2332eb2d283034b03984acaeb06e785ac,strawberryfields
1864,Quantum,CHANGELOG.md,45309dcad0133d2c59a91c09ab294bef29a7a621,strawberryfields
1864,Quantum,devicespec.py,45309dcad0133d2c59a91c09ab294bef29a7a621,strawberryfields
1864,Quantum,engine.py,45309dcad0133d2c59a91c09ab294bef29a7a621,strawberryfields
1864,Quantum,io.py,45309dcad0133d2c59a91c09ab294bef29a7a621,strawberryfields
1864,Quantum,program.py,45309dcad0133d2c59a91c09ab294bef29a7a621,strawberryfields
1864,Quantum,tdmprogram.py,45309dcad0133d2c59a91c09ab294bef29a7a621,strawberryfields
1864,Quantum,test_io.py,45309dcad0133d2c59a91c09ab294bef29a7a621,strawberryfields
1864,Quantum,test_tdmprogram.py,45309dcad0133d2c59a91c09ab294bef29a7a621,strawberryfields
1869,Quantum,QuilVisitor.hpp,c334829352fc2b490c407b6a09fb767a16516bbf,xacc
1869,Quantum,RigettiAccelerator.cpp,c334829352fc2b490c407b6a09fb767a16516bbf,xacc
1878,Classical,CMakeLists.txt,e980988e148243ed5d650317cad2870c6985f2ae,xacc
1936,Classical,PyQuilListener.py,92cb256530f4793fee007b6c1e8c9db4a22a1a7f,pyquil
1936,Classical,Quil.g4,92cb256530f4793fee007b6c1e8c9db4a22a1a7f,pyquil
1936,Classical,QuilParser.py,92cb256530f4793fee007b6c1e8c9db4a22a1a7f,pyquil
1936,Classical,QuilParser.py,92cb256530f4793fee007b6c1e8c9db4a22a1a7f,pyquil
1936,Classical,parser.py,92cb256530f4793fee007b6c1e8c9db4a22a1a7f,pyquil
1936,Classical,test_parser.py,92cb256530f4793fee007b6c1e8c9db4a22a1a7f,pyquil
1936,Classical,setup.py,92cb256530f4793fee007b6c1e8c9db4a22a1a7f,pyquil
1959,Quantum,noise.py,c147eb4f9417af72b5f396b2859506524ecf5bf4,pyquil
1959,Quantum,test_noise.py,c147eb4f9417af72b5f396b2859506524ecf5bf4,pyquil
1988,Quantum,paulis.py,604bf264ef522f721aa2ab7ee36dd007e095f732,pyquil
1988,Quantum,test_paulis.py,604bf264ef522f721aa2ab7ee36dd007e095f732,pyquil
1988,Quantum,test_paulis_with_placeholders.py,604bf264ef522f721aa2ab7ee36dd007e095f732,pyquil
1991,Classical,operator_estimation.py,adf04c9b1aa074c67bb34ea06d7f18ee06bbdfd7,pyquil
1991,Classical,test_operator_estimation.py,adf04c9b1aa074c67bb34ea06d7f18ee06bbdfd7,pyquil
2004,Classical,CHANGELOG.md,b9f050c6e33a036c10d6f984c3f0b0f29836d2e0,pyquil
2004,Classical,gates.py,b9f050c6e33a036c10d6f984c3f0b0f29836d2e0,pyquil
2004,Classical,quilbase.py,b9f050c6e33a036c10d6f984c3f0b0f29836d2e0,pyquil
2004,Classical,test_parser.py,b9f050c6e33a036c10d6f984c3f0b0f29836d2e0,pyquil
2004,Classical,test_quil.py,b9f050c6e33a036c10d6f984c3f0b0f29836d2e0,pyquil
2005,Quantum,CHANGELOG.md,58965c33b8314cda119ff36e46b705a03835d397,pyquil
2005,Quantum,_diagram.py,58965c33b8314cda119ff36e46b705a03835d397,pyquil
2005,Quantum,test_latex.py,58965c33b8314cda119ff36e46b705a03835d397,pyquil
2007,Classical,CHANGELOG.md,75a7c7428235e017ac6740e804cce64057bc3a95,pyquil
2007,Classical,migration2-qc.ipynb,75a7c7428235e017ac6740e804cce64057bc3a95,pyquil
2007,Classical,_quantum_computer.py,75a7c7428235e017ac6740e804cce64057bc3a95,pyquil
2018,Classical,CHANGELOG.md,279a29b432a6c12d013b26201fc53410fca4f48d,pyquil
2018,Classical,parser.py,279a29b432a6c12d013b26201fc53410fca4f48d,pyquil
2018,Classical,test_parser.py,279a29b432a6c12d013b26201fc53410fca4f48d,pyquil
2069,Classical,QArray.cs,c245ecbc908adfa830c19be4dec5c50f58a07837,qsharp-runtime
2069,Classical,Range.cs,c245ecbc908adfa830c19be4dec5c50f58a07837,qsharp-runtime
2070,Classical,SimulationCode.fs,e1d4c07c299b31d3486647e0ce3748df97a0d786,qsharp-runtime
2070,Classical,Issue76.qs,e1d4c07c299b31d3486647e0ce3748df97a0d786,qsharp-runtime
2076,Classical,ToffoliSimulatorTests.cs,00818415e46a90d880f4b4cc11a4f89ab88ff8ff,qsharp-runtime
2082,Quantum,QubitManager.cs,f4a4a6d959dc0e97bc8dc12fc67ddbe78423f5fe,qsharp-runtime
2082,Quantum,QubitManagerTests.cs,f4a4a6d959dc0e97bc8dc12fc67ddbe78423f5fe,qsharp-runtime
2087,Classical,CodegenTests.qs,4a5862ffae68159aa0918ec9ed7f955d30a1ade3,qsharp-runtime
2087,Classical,SimulationCodeTests.fs,4a5862ffae68159aa0918ec9ed7f955d30a1ade3,qsharp-runtime
2087,Classical,SimulationCode.fs,4a5862ffae68159aa0918ec9ed7f955d30a1ade3,qsharp-runtime
2087,Classical,UserDefinedTypes.qs,4a5862ffae68159aa0918ec9ed7f955d30a1ade3,qsharp-runtime
2089,Classical,RandomTests.qs,d7e1d9d3ec19f821c56493df4aa0aaf0476bcb3a,qsharp-runtime
2089,Classical,InterfaceUtils.cs,d7e1d9d3ec19f821c56493df4aa0aaf0476bcb3a,qsharp-runtime
2089,Classical,Utils.cs,d7e1d9d3ec19f821c56493df4aa0aaf0476bcb3a,qsharp-runtime
2100,Classical,Simulation.sln,5f8268e42a938dc9603b8f1cf640f33e7665dedf,qsharp-runtime
2100,Classical,Recursion.qs,5f8268e42a938dc9603b8f1cf640f33e7665dedf,qsharp-runtime
2101,Classical,SimulatorBase.cs,4a3eca470d79a0bb79e6beb270155f1d5bf3cc25,qsharp-runtime
2101,Classical,AbstractCallable.cs,4a3eca470d79a0bb79e6beb270155f1d5bf3cc25,qsharp-runtime
2101,Classical,Function.cs,4a3eca470d79a0bb79e6beb270155f1d5bf3cc25,qsharp-runtime
2101,Classical,FunctionPartial.cs,4a3eca470d79a0bb79e6beb270155f1d5bf3cc25,qsharp-runtime
2101,Classical,Adjoint.cs,4a3eca470d79a0bb79e6beb270155f1d5bf3cc25,qsharp-runtime
2101,Classical,Controlled.cs,4a3eca470d79a0bb79e6beb270155f1d5bf3cc25,qsharp-runtime
2101,Classical,GenericCallable.cs,4a3eca470d79a0bb79e6beb270155f1d5bf3cc25,qsharp-runtime
2101,Classical,GenericPartial.cs,4a3eca470d79a0bb79e6beb270155f1d5bf3cc25,qsharp-runtime
2101,Classical,Adjoint.cs,4a3eca470d79a0bb79e6beb270155f1d5bf3cc25,qsharp-runtime
2101,Classical,Controlled.cs,4a3eca470d79a0bb79e6beb270155f1d5bf3cc25,qsharp-runtime
2101,Classical,Operation.cs,4a3eca470d79a0bb79e6beb270155f1d5bf3cc25,qsharp-runtime
2101,Classical,OperationPartial.cs,4a3eca470d79a0bb79e6beb270155f1d5bf3cc25,qsharp-runtime
2101,Classical,UdtFactory.cs,4a3eca470d79a0bb79e6beb270155f1d5bf3cc25,qsharp-runtime
2101,Classical,SimulationCodeTests.fs,4a3eca470d79a0bb79e6beb270155f1d5bf3cc25,qsharp-runtime
2101,Classical,EntryPoint.fs,4a3eca470d79a0bb79e6beb270155f1d5bf3cc25,qsharp-runtime
2101,Classical,SimulationCode.fs,4a3eca470d79a0bb79e6beb270155f1d5bf3cc25,qsharp-runtime
2101,Classical,Bitwise.cs,4a3eca470d79a0bb79e6beb270155f1d5bf3cc25,qsharp-runtime
2101,Classical,Convert.cs,4a3eca470d79a0bb79e6beb270155f1d5bf3cc25,qsharp-runtime
2101,Classical,Core.cs,4a3eca470d79a0bb79e6beb270155f1d5bf3cc25,qsharp-runtime
2101,Classical,Math.cs,4a3eca470d79a0bb79e6beb270155f1d5bf3cc25,qsharp-runtime
2101,Classical,Allocate.cs,4a3eca470d79a0bb79e6beb270155f1d5bf3cc25,qsharp-runtime
2101,Classical,Borrow.cs,4a3eca470d79a0bb79e6beb270155f1d5bf3cc25,qsharp-runtime
2101,Classical,Release.cs,4a3eca470d79a0bb79e6beb270155f1d5bf3cc25,qsharp-runtime
2101,Classical,Return.cs,4a3eca470d79a0bb79e6beb270155f1d5bf3cc25,qsharp-runtime
2101,Classical,AssertEqual.cs,4a3eca470d79a0bb79e6beb270155f1d5bf3cc25,qsharp-runtime
2101,Classical,MemberNames.qs,4a3eca470d79a0bb79e6beb270155f1d5bf3cc25,qsharp-runtime
2101,Classical,NativeOperations.cs,4a3eca470d79a0bb79e6beb270155f1d5bf3cc25,qsharp-runtime
2101,Classical,GetQubitsTests.cs,4a3eca470d79a0bb79e6beb270155f1d5bf3cc25,qsharp-runtime
2101,Classical,OperationsTestHelper.cs,4a3eca470d79a0bb79e6beb270155f1d5bf3cc25,qsharp-runtime
2101,Classical,PartialMapperTests.cs,4a3eca470d79a0bb79e6beb270155f1d5bf3cc25,qsharp-runtime
2101,Classical,BasicTests.cs,4a3eca470d79a0bb79e6beb270155f1d5bf3cc25,qsharp-runtime
2101,Classical,RuntimeMetadataTests.cs,4a3eca470d79a0bb79e6beb270155f1d5bf3cc25,qsharp-runtime
2101,Classical,SimulatorBaseTests.cs,4a3eca470d79a0bb79e6beb270155f1d5bf3cc25,qsharp-runtime
2101,Classical,StartOperationTests.cs,4a3eca470d79a0bb79e6beb270155f1d5bf3cc25,qsharp-runtime
2101,Classical,ToffoliSimulatorTests.cs,4a3eca470d79a0bb79e6beb270155f1d5bf3cc25,qsharp-runtime
2101,Classical,QCTraceSimulator.ClassicalControl.cs,4a3eca470d79a0bb79e6beb270155f1d5bf3cc25,qsharp-runtime
2101,Classical,QCTraceSimulator.Diagnostics.Dump.cs,4a3eca470d79a0bb79e6beb270155f1d5bf3cc25,qsharp-runtime
2101,Classical,QCTraceSimulator.Interface.CX.cs,4a3eca470d79a0bb79e6beb270155f1d5bf3cc25,qsharp-runtime
2101,Classical,QCTraceSimulator.Interface.Clifford.cs,4a3eca470d79a0bb79e6beb270155f1d5bf3cc25,qsharp-runtime
2101,Classical,QCTraceSimulator.Interface.ForceMeasure.cs,4a3eca470d79a0bb79e6beb270155f1d5bf3cc25,qsharp-runtime
2101,Classical,QCTraceSimulator.Interface.R.cs,4a3eca470d79a0bb79e6beb270155f1d5bf3cc25,qsharp-runtime
2101,Classical,QCTraceSimulator.Interface.RFrac.cs,4a3eca470d79a0bb79e6beb270155f1d5bf3cc25,qsharp-runtime
2101,Classical,QCTraceSimulator.Primitive.Assert.cs,4a3eca470d79a0bb79e6beb270155f1d5bf3cc25,qsharp-runtime
2101,Classical,QCTraceSimulator.Primitive.AssertProb.cs,4a3eca470d79a0bb79e6beb270155f1d5bf3cc25,qsharp-runtime
2101,Classical,QCTraceSimulator.Primitive.Measure.cs,4a3eca470d79a0bb79e6beb270155f1d5bf3cc25,qsharp-runtime
2101,Classical,QCTraceSimulator.Primitive.random.cs,4a3eca470d79a0bb79e6beb270155f1d5bf3cc25,qsharp-runtime
2101,Classical,Assert.cs,4a3eca470d79a0bb79e6beb270155f1d5bf3cc25,qsharp-runtime
2101,Classical,AssertProb.cs,4a3eca470d79a0bb79e6beb270155f1d5bf3cc25,qsharp-runtime
2101,Classical,ClassicalControl.cs,4a3eca470d79a0bb79e6beb270155f1d5bf3cc25,qsharp-runtime
2101,Classical,Dump.cs,4a3eca470d79a0bb79e6beb270155f1d5bf3cc25,qsharp-runtime
2101,Classical,Exp.cs,4a3eca470d79a0bb79e6beb270155f1d5bf3cc25,qsharp-runtime
2101,Classical,ExpFrac.cs,4a3eca470d79a0bb79e6beb270155f1d5bf3cc25,qsharp-runtime
2101,Classical,H.cs,4a3eca470d79a0bb79e6beb270155f1d5bf3cc25,qsharp-runtime
2101,Classical,M.cs,4a3eca470d79a0bb79e6beb270155f1d5bf3cc25,qsharp-runtime
2101,Classical,Measure.cs,4a3eca470d79a0bb79e6beb270155f1d5bf3cc25,qsharp-runtime
2101,Classical,R.cs,4a3eca470d79a0bb79e6beb270155f1d5bf3cc25,qsharp-runtime
2101,Classical,R1.cs,4a3eca470d79a0bb79e6beb270155f1d5bf3cc25,qsharp-runtime
2101,Classical,R1Frac.cs,4a3eca470d79a0bb79e6beb270155f1d5bf3cc25,qsharp-runtime
2101,Classical,RFrac.cs,4a3eca470d79a0bb79e6beb270155f1d5bf3cc25,qsharp-runtime
2101,Classical,Reset.cs,4a3eca470d79a0bb79e6beb270155f1d5bf3cc25,qsharp-runtime
2101,Classical,S.cs,4a3eca470d79a0bb79e6beb270155f1d5bf3cc25,qsharp-runtime
2101,Classical,SWAP.cs,4a3eca470d79a0bb79e6beb270155f1d5bf3cc25,qsharp-runtime
2101,Classical,T.cs,4a3eca470d79a0bb79e6beb270155f1d5bf3cc25,qsharp-runtime
2101,Classical,X.cs,4a3eca470d79a0bb79e6beb270155f1d5bf3cc25,qsharp-runtime
2101,Classical,Y.cs,4a3eca470d79a0bb79e6beb270155f1d5bf3cc25,qsharp-runtime
2101,Classical,Z.cs,4a3eca470d79a0bb79e6beb270155f1d5bf3cc25,qsharp-runtime
2101,Classical,random.cs,4a3eca470d79a0bb79e6beb270155f1d5bf3cc25,qsharp-runtime
2101,Classical,Assert.cs,4a3eca470d79a0bb79e6beb270155f1d5bf3cc25,qsharp-runtime
2101,Classical,AssertProb.cs,4a3eca470d79a0bb79e6beb270155f1d5bf3cc25,qsharp-runtime
2101,Classical,ClassicalControl.cs,4a3eca470d79a0bb79e6beb270155f1d5bf3cc25,qsharp-runtime
2101,Classical,Dump.cs,4a3eca470d79a0bb79e6beb270155f1d5bf3cc25,qsharp-runtime
2101,Classical,Exp.cs,4a3eca470d79a0bb79e6beb270155f1d5bf3cc25,qsharp-runtime
2101,Classical,ExpFrac.cs,4a3eca470d79a0bb79e6beb270155f1d5bf3cc25,qsharp-runtime
2101,Classical,H.cs,4a3eca470d79a0bb79e6beb270155f1d5bf3cc25,qsharp-runtime
2101,Classical,M.cs,4a3eca470d79a0bb79e6beb270155f1d5bf3cc25,qsharp-runtime
2101,Classical,Measure.cs,4a3eca470d79a0bb79e6beb270155f1d5bf3cc25,qsharp-runtime
2101,Classical,R.cs,4a3eca470d79a0bb79e6beb270155f1d5bf3cc25,qsharp-runtime
2101,Classical,RFrac.cs,4a3eca470d79a0bb79e6beb270155f1d5bf3cc25,qsharp-runtime
2101,Classical,S.cs,4a3eca470d79a0bb79e6beb270155f1d5bf3cc25,qsharp-runtime
2101,Classical,T.cs,4a3eca470d79a0bb79e6beb270155f1d5bf3cc25,qsharp-runtime
2101,Classical,X.cs,4a3eca470d79a0bb79e6beb270155f1d5bf3cc25,qsharp-runtime
2101,Classical,Y.cs,4a3eca470d79a0bb79e6beb270155f1d5bf3cc25,qsharp-runtime
2101,Classical,Z.cs,4a3eca470d79a0bb79e6beb270155f1d5bf3cc25,qsharp-runtime
2101,Classical,random.cs,4a3eca470d79a0bb79e6beb270155f1d5bf3cc25,qsharp-runtime
2101,Classical,Assert.cs,4a3eca470d79a0bb79e6beb270155f1d5bf3cc25,qsharp-runtime
2101,Classical,AssertProb.cs,4a3eca470d79a0bb79e6beb270155f1d5bf3cc25,qsharp-runtime
2101,Classical,Dump.cs,4a3eca470d79a0bb79e6beb270155f1d5bf3cc25,qsharp-runtime
2101,Classical,Exp.cs,4a3eca470d79a0bb79e6beb270155f1d5bf3cc25,qsharp-runtime
2101,Classical,ExpFrac.cs,4a3eca470d79a0bb79e6beb270155f1d5bf3cc25,qsharp-runtime
2101,Classical,H.cs,4a3eca470d79a0bb79e6beb270155f1d5bf3cc25,qsharp-runtime
2101,Classical,M.cs,4a3eca470d79a0bb79e6beb270155f1d5bf3cc25,qsharp-runtime
2101,Classical,Measure.cs,4a3eca470d79a0bb79e6beb270155f1d5bf3cc25,qsharp-runtime
2101,Classical,R.cs,4a3eca470d79a0bb79e6beb270155f1d5bf3cc25,qsharp-runtime
2101,Classical,RFrac.cs,4a3eca470d79a0bb79e6beb270155f1d5bf3cc25,qsharp-runtime
2101,Classical,Random.cs,4a3eca470d79a0bb79e6beb270155f1d5bf3cc25,qsharp-runtime
2101,Classical,S.cs,4a3eca470d79a0bb79e6beb270155f1d5bf3cc25,qsharp-runtime
2101,Classical,SWAP.cs,4a3eca470d79a0bb79e6beb270155f1d5bf3cc25,qsharp-runtime
2101,Classical,T.cs,4a3eca470d79a0bb79e6beb270155f1d5bf3cc25,qsharp-runtime
2101,Classical,X.cs,4a3eca470d79a0bb79e6beb270155f1d5bf3cc25,qsharp-runtime
2101,Classical,Y.cs,4a3eca470d79a0bb79e6beb270155f1d5bf3cc25,qsharp-runtime
2101,Classical,Z.cs,4a3eca470d79a0bb79e6beb270155f1d5bf3cc25,qsharp-runtime
2102,Classical,DepthCounter.cs,42781886d9d3dd762423e45c69323c9a53c57c0f,qsharp-runtime
2102,Classical,DistinctInputsChecker.cs,42781886d9d3dd762423e45c69323c9a53c57c0f,qsharp-runtime
2102,Classical,Exceptions.cs,42781886d9d3dd762423e45c69323c9a53c57c0f,qsharp-runtime
2102,Classical,InvalidatedQubitsUseChecker.cs,42781886d9d3dd762423e45c69323c9a53c57c0f,qsharp-runtime
2102,Classical,QCTraceSimulatorCore.cs,42781886d9d3dd762423e45c69323c9a53c57c0f,qsharp-runtime
2102,Classical,QubitMetrics.cs,42781886d9d3dd762423e45c69323c9a53c57c0f,qsharp-runtime
2102,Classical,QCTraceSimulatorImpl.cs,42781886d9d3dd762423e45c69323c9a53c57c0f,qsharp-runtime
2105,Classical,Reset.qs,796dc27a2ec0fb72773aa25ad9057284d9327384,qsharp-runtime
2114,Classical,CMakeLists.txt,cd360b3fad5477930122a7402f2ae473665dc505,qsharp-runtime
2114,Classical,generate.py,cd360b3fad5477930122a7402f2ae473665dc505,qsharp-runtime
2114,Classical,tracer-qir.ll,cd360b3fad5477930122a7402f2ae473665dc505,qsharp-runtime
2114,Classical,tracer-target.qs,cd360b3fad5477930122a7402f2ae473665dc505,qsharp-runtime
2117,Classical,QCTraceSimulatorImpl.cs,a9245fb759c6a415fd8daaca733ba78a0e9d9f4f,qsharp-runtime
2129,Classical,build.rs,37f2dbec543357b574140f94760e162635de893a,qsharp-runtime
225,Quantum,_quantumprogram.py,a18ef48c8a9fd0182064c81c0e7d79ad1c4c0ee6,qiskit-terra
225,Quantum,barrier.py,a18ef48c8a9fd0182064c81c0e7d79ad1c4c0ee6,qiskit-terra
225,Quantum,_coupling.py,a18ef48c8a9fd0182064c81c0e7d79ad1c4c0ee6,qiskit-terra
225,Quantum,test_mapper.py,a18ef48c8a9fd0182064c81c0e7d79ad1c4c0ee6,qiskit-terra
225,Quantum,test_quantumprogram.py,a18ef48c8a9fd0182064c81c0e7d79ad1c4c0ee6,qiskit-terra
234,Classical,clifford_backend.hpp,6b6c370725dec7b61618c1d6f1cc62b8cf1a0907,qiskit-terra
255,Quantum,CHANGELOG.rst,00d37c780dba447551e1e544a12b3aef10a43d53,qiskit-terra
255,Quantum,_circuitbackend.py,00d37c780dba447551e1e544a12b3aef10a43d53,qiskit-terra
26,Quantum,pulse_schedules.py,439b3ee739fde633337f89b617c18821b25da0ad,qiskit-ignis
26,Quantum,fix-meas-pulse-alignment-drag-0660aeb9609b00a3.yaml,439b3ee739fde633337f89b617c18821b25da0ad,qiskit-ignis
27,Classical,circuits.py,0af27dd1fdd5c4e4d2ef80d21d0375d11a1625fd,qiskit-ignis
27,Classical,rb-seed-fix-24957ed1e9ffe31c.yaml,0af27dd1fdd5c4e4d2ef80d21d0375d11a1625fd,qiskit-ignis
27,Classical,generate_data.py,0af27dd1fdd5c4e4d2ef80d21d0375d11a1625fd,qiskit-ignis
27,Classical,test_fitter_cnotdihedral_X_results.json,0af27dd1fdd5c4e4d2ef80d21d0375d11a1625fd,qiskit-ignis
27,Classical,test_fitter_cnotdihedral_Z_results.json,0af27dd1fdd5c4e4d2ef80d21d0375d11a1625fd,qiskit-ignis
27,Classical,test_fitter_cnotdihedral_expected_results.json,0af27dd1fdd5c4e4d2ef80d21d0375d11a1625fd,qiskit-ignis
27,Classical,test_fitter_coherent_purity_expected_results.json,0af27dd1fdd5c4e4d2ef80d21d0375d11a1625fd,qiskit-ignis
27,Classical,test_fitter_coherent_purity_results.json,0af27dd1fdd5c4e4d2ef80d21d0375d11a1625fd,qiskit-ignis
27,Classical,test_fitter_expected_results_1.json,0af27dd1fdd5c4e4d2ef80d21d0375d11a1625fd,qiskit-ignis
27,Classical,test_fitter_expected_results_2.json,0af27dd1fdd5c4e4d2ef80d21d0375d11a1625fd,qiskit-ignis
27,Classical,test_fitter_interleaved_expected_results.json,0af27dd1fdd5c4e4d2ef80d21d0375d11a1625fd,qiskit-ignis
27,Classical,test_fitter_interleaved_results.json,0af27dd1fdd5c4e4d2ef80d21d0375d11a1625fd,qiskit-ignis
27,Classical,test_fitter_original_results.json,0af27dd1fdd5c4e4d2ef80d21d0375d11a1625fd,qiskit-ignis
27,Classical,test_fitter_purity_expected_results.json,0af27dd1fdd5c4e4d2ef80d21d0375d11a1625fd,qiskit-ignis
27,Classical,test_fitter_purity_results.json,0af27dd1fdd5c4e4d2ef80d21d0375d11a1625fd,qiskit-ignis
27,Classical,test_fitter_results_1.json,0af27dd1fdd5c4e4d2ef80d21d0375d11a1625fd,qiskit-ignis
27,Classical,test_fitter_results_2.json,0af27dd1fdd5c4e4d2ef80d21d0375d11a1625fd,qiskit-ignis
30,Classical,dihedral.py,824372e18a42a735bbef37cd8ee61bc5d5821f9f,qiskit-ignis
30,Classical,test_dihedral.py,824372e18a42a735bbef37cd8ee61bc5d5821f9f,qiskit-ignis
31,Quantum,complete_mitigator.py,1f7b71999c28483064e91882ef1510ede23ba0e2,qiskit-ignis
31,Quantum,ctmp_mitigator.py,1f7b71999c28483064e91882ef1510ede23ba0e2,qiskit-ignis
31,Quantum,tensored_mitigator.py,1f7b71999c28483064e91882ef1510ede23ba0e2,qiskit-ignis
31,Quantum,fix-expval-mit-c2c2701513129316.yaml,1f7b71999c28483064e91882ef1510ede23ba0e2,qiskit-ignis
32,Classical,fitters.py,864663d2f6212d893731ec2b5678592e4f9a4a02,qiskit-ignis
32,Classical,test_codes.py,864663d2f6212d893731ec2b5678592e4f9a4a02,qiskit-ignis
33,Classical,tox.ini,2f47127a99b709af2ea1f844aeee8f1d90e49194,qiskit-ignis
35,Classical,fock.py,105bc044a0a35684ec961310aca212d49ba5c451,pennylane
35,Classical,gaussian.py,105bc044a0a35684ec961310aca212d49ba5c451,pennylane
4,Classical,circuits.py,3694ca68abf54a03e73318e81d8932e6a7159f12,qiskit-ignis
4,Classical,circuits.py,3694ca68abf54a03e73318e81d8932e6a7159f12,qiskit-ignis
4,Classical,paulibasis.py,3694ca68abf54a03e73318e81d8932e6a7159f12,qiskit-ignis
4,Classical,test_rb.py,3694ca68abf54a03e73318e81d8932e6a7159f12,qiskit-ignis
505,Quantum,quantumcircuit.py,103f6ffcee69b924417f59c0cc830815b6728387,qiskit-terra
505,Quantum,test_circuit_properties.py,103f6ffcee69b924417f59c0cc830815b6728387,qiskit-terra
514,Quantum,basic.py,3c220265117f6d1a2a9661c7f01852b388ff5be9,qiskit-terra
514,Quantum,fake_openpulse_3q.py,3c220265117f6d1a2a9661c7f01852b388ff5be9,qiskit-terra
514,Quantum,test_basic_scheduler.py,3c220265117f6d1a2a9661c7f01852b388ff5be9,qiskit-terra
556,Quantum,assemble_schedules.py,32aba60331d6a6789e4656fb5c772d913e17389c,qiskit-terra
556,Quantum,test_assembler.py,32aba60331d6a6789e4656fb5c772d913e17389c,qiskit-terra
567,Classical,weighted_pauli_operator.py,e8c5a7e41b20fe3a4a1370d95a08be0c9b47c489,qiskit-terra
663,Quantum,transforms.py,04f20797eaa1a460e405adb8333508cd73bc448b,qiskit-terra
663,Quantum,pulse-schedule-recursion-bugfix-1bf1b7d919cf1a0c.yaml,04f20797eaa1a460e405adb8333508cd73bc448b,qiskit-terra
679,Classical,progressbar.py,0885e65b630204330113e5f7e570d84dec2ba293,qiskit-terra
679,Classical,pubsub.py,0885e65b630204330113e5f7e570d84dec2ba293,qiskit-terra
68,Classical,test_tf.py,4d5ce6ce11c416b68f0918e7e3ef74e1a75d8b55,pennylane
68,Classical,test_torch.py,4d5ce6ce11c416b68f0918e7e3ef74e1a75d8b55,pennylane
7,Classical,circuits.py,23d5ef8231d0bb95cb03ad9b1b62ee37757b24b3,qiskit-ignis
7,Classical,fitters.py,23d5ef8231d0bb95cb03ad9b1b62ee37757b24b3,qiskit-ignis
7,Classical,fitters.py,23d5ef8231d0bb95cb03ad9b1b62ee37757b24b3,qiskit-ignis
700,Quantum,quantumcircuit.py,b0d31257972f2c87cb4d549429372192d0e159e7,qiskit-terra
700,Quantum,4697-append-method-d4dc03b70257e99b.yaml,b0d31257972f2c87cb4d549429372192d0e159e7,qiskit-terra
700,Quantum,test_circuit_data.py,b0d31257972f2c87cb4d549429372192d0e159e7,qiskit-terra
700,Quantum,test_parameters.py,b0d31257972f2c87cb4d549429372192d0e159e7,qiskit-terra
733,Classical,backend.py,c00602aadf4062b65ab3862fb729a85b20bf004b,qiskit-terra
75,Quantum,_qubit_device.py,d6ea8b514d41125471b82e821e15ab270003f71a,pennylane
75,Quantum,operation.py,d6ea8b514d41125471b82e821e15ab270003f71a,pennylane
75,Quantum,qubit.py,d6ea8b514d41125471b82e821e15ab270003f71a,pennylane
75,Quantum,test_qubit_ops.py,d6ea8b514d41125471b82e821e15ab270003f71a,pennylane
75,Quantum,test_hermitian_edge_cases.py,d6ea8b514d41125471b82e821e15ab270003f71a,pennylane
75,Quantum,test_qubit_device.py,d6ea8b514d41125471b82e821e15ab270003f71a,pennylane
75,Quantum,test_tensor_measurements.py,d6ea8b514d41125471b82e821e15ab270003f71a,pennylane
75-5,Quantum,_qubit_device.py,d6ea8b514d41125471b82e821e15ab270003f71a,pennylane
75-5,Quantum,operation.py,d6ea8b514d41125471b82e821e15ab270003f71a,pennylane
75-5,Quantum,qubit.py,d6ea8b514d41125471b82e821e15ab270003f71a,pennylane
75-5,Quantum,test_qubit_ops.py,d6ea8b514d41125471b82e821e15ab270003f71a,pennylane
75-5,Quantum,test_hermitian_edge_cases.py,d6ea8b514d41125471b82e821e15ab270003f71a,pennylane
75-5,Quantum,test_qubit_device.py,d6ea8b514d41125471b82e821e15ab270003f71a,pennylane
75-5,Quantum,test_tensor_measurements.py,d6ea8b514d41125471b82e821e15ab270003f71a,pennylane
76,Classical,circuits.rst,2096a60c3f94fa9c06dd6a414f8d93b690f136f6,pennylane
76,Classical,operations.rst,2096a60c3f94fa9c06dd6a414f8d93b690f136f6,pennylane
76,Classical,qnode_collection.py,2096a60c3f94fa9c06dd6a414f8d93b690f136f6,pennylane
76,Classical,vqe.py,2096a60c3f94fa9c06dd6a414f8d93b690f136f6,pennylane
787,Quantum,quantumcircuit.py,cb2110957e4b22df8d1bfe42e353fae83af2a14b,qiskit-terra
787,Quantum,calibrations-add-iadd-265b92f42ffce92a.yaml,cb2110957e4b22df8d1bfe42e353fae83af2a14b,qiskit-terra
787,Quantum,test_calibrations.py,cb2110957e4b22df8d1bfe42e353fae83af2a14b,qiskit-terra
862,Quantum,probability.py,d2098068d31f4c04e7dee228a27951a3dde3b4f9,qiskit-terra
862,Quantum,quasi.py,d2098068d31f4c04e7dee228a27951a3dde3b4f9,qiskit-terra
862,Quantum,test_probability.py,d2098068d31f4c04e7dee228a27951a3dde3b4f9,qiskit-terra
862,Quantum,test_quasi.py,d2098068d31f4c04e7dee228a27951a3dde3b4f9,qiskit-terra
950,Classical,CMakeLists.txt,29c8ca5bccad8ec76c5d269c14832d7df4ae6e64,qiskit-aer
953,Classical,aerbackend.py,e25aaaea83eaba1319cd0c770d47d1afd2156e0a,qiskit-aer
953,Classical,qasm_basics.py,e25aaaea83eaba1319cd0c770d47d1afd2156e0a,qiskit-aer
953,Classical,test_qasm_simulator.py,e25aaaea83eaba1319cd0c770d47d1afd2156e0a,qiskit-aer
953,Classical,mock.py,e25aaaea83eaba1319cd0c770d47d1afd2156e0a,qiskit-aer
964,Quantum,noise_model.py,cf5d8027d5a70f45751f1369f548b65c666442e1,qiskit-aer
968,Classical,controller.hpp,6e4b479700f04ccf1a421b819e88fc2218dcdbd3,qiskit-aer
968,Classical,qasm_measure.py,6e4b479700f04ccf1a421b819e88fc2218dcdbd3,qiskit-aer
968,Classical,common.py,6e4b479700f04ccf1a421b819e88fc2218dcdbd3,qiskit-aer
968,Classical,ref_measure.py,6e4b479700f04ccf1a421b819e88fc2218dcdbd3,qiskit-aer
980,Classical,CHANGELOG.md,43580139161c5b96456ff984fa84a47c5fbcca9a,qiskit-aer
980,Classical,unitary_state.hpp,43580139161c5b96456ff984fa84a47c5fbcca9a,qiskit-aer
980,Classical,qasm_noncliffords.py,43580139161c5b96456ff984fa84a47c5fbcca9a,qiskit-aer
980,Classical,test_statevector_simulator.py,43580139161c5b96456ff984fa84a47c5fbcca9a,qiskit-aer
980,Classical,test_unitary_simulator.py,43580139161c5b96456ff984fa84a47c5fbcca9a,qiskit-aer
980,Classical,ref_non_clifford.py,43580139161c5b96456ff984fa84a47c5fbcca9a,qiskit-aer
