"id","type","project_full_name","fix_commit_hash","component","symptom","bug_pattern","complexity","project_clone_url"
"1","Classical","Qiskit/qiskit-ignis","ec1b4ce759f1fb8ba0242dd6c4a309fa1b586666","Quantum State Evaluation","Crash - OS/PL Error, Crash","Missing Error Handling","19","https://github.com/Qiskit/qiskit-ignis.git"
"10","Quantum","Qiskit/qiskit-ignis","e696fee3e52550f50fb240a4c6356c61c9f01725","Quantum State Evaluation","Incorrect Output","Incorrect Numerical Computation","2","https://github.com/Qiskit/qiskit-ignis.git"
"1010","Quantum","Qiskit/qiskit-aer","dc7a2413e6c373455c00cff51e37eaaa17a4a7ac","Optimizations","Crash - Application Error, Crash","Barrier Related","6","https://github.com/Qiskit/qiskit-aer.git"
"1012","Classical","Qiskit/qiskit-aer","7de864cc989b354d0ad1febbd62b891270927b6b","Testing","Failing Test","Flaky Test, Misconfiguration, Misconfiguration - Testing","1","https://github.com/Qiskit/qiskit-aer.git"
"1019","Quantum","Qiskit/qiskit-aer","f3b4303f478ff84bf8da15761827287d3a2f16e4","Simulator","Incorrect Output","API Misuse - Internal, Typo","1","https://github.com/Qiskit/qiskit-aer.git"
"1022","Quantum","Qiskit/qiskit-aer","0eab74b57f2704ad0893132b6c5f214603550c39","Quantum Abstractions","Incorrect Output","Incorrect IR - Wrong Information","2","https://github.com/Qiskit/qiskit-aer.git"
"104","Classical","PennyLaneAI/pennylane","01196202394aed89f43d3044d64eb9e41f7d583c","Quantum Abstractions","Inefficiency","Type Problem","1","https://github.com/PennyLaneAI/pennylane.git"
"1057","Classical","Qiskit/qiskit-aer","48498dd0edc4e1ed1ee4bb287edd89541af104b2","Quantum Abstractions, Simulator","Incorrect Final Measurement, Incorrect Output","Overlooked Corner Case","13","https://github.com/Qiskit/qiskit-aer.git"
"1067","Quantum","Qiskit/qiskit-aer","72674296de7de6cfdf812595be33a2f6f637a29f","Simulator, Quantum State Evaluation","Incorrect Final Measurement, Incorrect Output","Wrong Concept","3","https://github.com/Qiskit/qiskit-aer.git"
"107","Quantum","PennyLaneAI/pennylane","474f337b176f706a180ac62d6c7840c01f604192","Domain-specific Abstractions","Crash - Application Error, Crash","Type Problem, GPU related","7","https://github.com/PennyLaneAI/pennylane.git"
"1070","Quantum","Qiskit/qiskit-aer","7fe4f9eadc835705c25c13c753b8550b199efa44","Testing","Failing Test","API Outdated - External","2","https://github.com/Qiskit/qiskit-aer.git"
"1073","Quantum","Qiskit/qiskit-aer","20c3b06c2464ce0342a920dfbe91c6a496707f7f","Simulator","Crash - OS/PL Error, Crash","Wrong Concept, Wrong Identifier","1","https://github.com/Qiskit/qiskit-aer.git"
"1076","Quantum","Qiskit/qiskit-aer","759a01f43726d5146422141bfdcc83fc34c180d0","Simulator","Incorrect Output","Incorrect IR - Missing Information, Incorrect Application Logic","13","https://github.com/Qiskit/qiskit-aer.git"
"1092","Classical","Qiskit/qiskit-aer","bd00cf0e317a262f9b5cc500a07505a8323bc792","Simulator","Crash - OS/PL Error, Crash","Memory Leak","100+","https://github.com/Qiskit/qiskit-aer.git"
"1096","Quantum","Qiskit/qiskit-aer","1cfa05e66c090ed6b57e7631b4935f2a7f5a6aad","Machine Code Generation, Optimizations","Crash - Application Error, Crash","Incorrect Application Logic, Overlooked Corner Case","3","https://github.com/Qiskit/qiskit-aer.git"
"11","Quantum","Qiskit/qiskit-ignis","3c59f82c11e87c071bc7e84240b50e2aa995281f","Testing","Failing Test","API Misuse - External","18","https://github.com/Qiskit/qiskit-ignis.git"
"110","Classical","PennyLaneAI/pennylane","c0d269e5f1eba2f9d033bd9b6a79c10a11f4228a","Quantum Abstractions, Machine Code Generation","Incorrect Output","Wrong Identifier","1","https://github.com/PennyLaneAI/pennylane.git"
"1102","Classical","ProjectQ-Framework/ProjectQ","722104c40e9526e92a71a2161cb5f2d8757bcbfe","Interface to Quantum Computer","Crash - OS/PL Error, Crash","API Outdated - External","1","https://github.com/ProjectQ-Framework/ProjectQ.git"
"1103","Classical","ProjectQ-Framework/ProjectQ","81752a9880a6527fbd3b6ebf17ba00fc564979f3","Testing","Crash - OS/PL Error, Crash","Overlooked Corner Case, Misconfiguration, Misconfiguration - Testing","12","https://github.com/ProjectQ-Framework/ProjectQ.git"
"1105","Classical","ProjectQ-Framework/ProjectQ","dd34daa10b91e68b89be14c6b375f869ac9d04a2","Quantum Abstractions","Incorrect Output","Incorrect Application Logic","7","https://github.com/ProjectQ-Framework/ProjectQ.git"
"1107","Quantum","ProjectQ-Framework/ProjectQ","0e2113b64d616ec303bfff22a38af05a74583bbe","Quantum Abstractions","Crash - OS/PL Error, Crash","Wrong Concept, Overlooked Corner Case","15","https://github.com/ProjectQ-Framework/ProjectQ.git"
"1108","Classical","ProjectQ-Framework/ProjectQ","75e7a7fefea232e61327e7d7a7b09345e494c655","Infrastructural Scripts and Glue Code","Incorrect Output","Syntax Error","1","https://github.com/ProjectQ-Framework/ProjectQ.git"
"1110","Classical","ProjectQ-Framework/ProjectQ","81f94d479612418552d3b1d628d661dac6a1206c","Quantum Abstractions","Crash - OS/PL Error, Crash","Type Problem","1","https://github.com/ProjectQ-Framework/ProjectQ.git"
"1111","Classical","ProjectQ-Framework/ProjectQ","144c8d1cc06214ff4be2a4ed79d5fa9753c8265b","Machine Code Generation","Crash - OS/PL Error, Crash","Overlooked Corner Case, Type Problem","9","https://github.com/ProjectQ-Framework/ProjectQ.git"
"1112","Classical","ProjectQ-Framework/ProjectQ","88e2f1823748a82d1f3ad5e877b3a9b1f2aa43ad","Infrastructural Scripts and Glue Code","Crash - OS/PL Error, Crash","Overlooked Corner Case, Type Problem","2","https://github.com/ProjectQ-Framework/ProjectQ.git"
"1115","Quantum","ProjectQ-Framework/ProjectQ","c703417beb3c97f73514d6f39320251a1c7dadab","Machine Code Generation","Non-termination","Incorrect Application Logic","2","https://github.com/ProjectQ-Framework/ProjectQ.git"
"1116","Quantum","ProjectQ-Framework/ProjectQ","62d3fb11578a06131b0105b220651520b2a7338b","Simulator","Unclear","Incorrect Application Logic","16","https://github.com/ProjectQ-Framework/ProjectQ.git"
"1118","Classical","ProjectQ-Framework/ProjectQ","11f45873e20c2fa78fab2b59b5b460ac5f595fc6","Machine Code Generation","Crash - OS/PL Error, Crash","Overlooked Corner Case","6","https://github.com/ProjectQ-Framework/ProjectQ.git"
"1121","Quantum","ProjectQ-Framework/ProjectQ","67ce24bd5d4aa06eb43c8e094c551c89567ef57d","Visualization and Plotting","Crash - OS/PL Error, Crash","Overlooked Corner Case","8","https://github.com/ProjectQ-Framework/ProjectQ.git"
"1122","Classical","ProjectQ-Framework/ProjectQ","6ef8a0eeb06267b27bbbe9207b71013e9cca65d4","Tutorial and Examples","Crash - Application Error, Crash","Wrong Identifier","1","https://github.com/ProjectQ-Framework/ProjectQ.git"
"1123","Classical","ProjectQ-Framework/ProjectQ","c15f3b25dd2efc426507360a19b6b1dded2ec37e","Infrastructural Scripts and Glue Code","Crash - OS/PL Error, Crash","Misconfiguration, Misconfiguration - Installation","3","https://github.com/ProjectQ-Framework/ProjectQ.git"
"1126","Quantum","ProjectQ-Framework/ProjectQ","1c07475ad9dbc30baedddf78fddafa96112ffcdc","Testing","Failing Test","Incorrect Numerical Computation","16","https://github.com/ProjectQ-Framework/ProjectQ.git"
"1139","Classical","microsoft/QuantumLibraries","cbf36bc4d8efcac9f4f20bbbc2b87ca302611c91","Classical Abstractions","Incorrect Output","Incorrect Numerical Computation, Imprecise Result","1","https://github.com/microsoft/QuantumLibraries.git"
"1149","Classical","microsoft/QuantumLibraries","7ccf6c2ccc8851a72e42aa4c6853fd243f1b27cc","Quantum State Evaluation","Crash - Application Error, Crash","Missing Error Handling","35","https://github.com/microsoft/QuantumLibraries.git"
"1156","Quantum","microsoft/QuantumLibraries","1c8620c10cfbf016d315668e22766c091502eea4","Tutorial and Examples","Unclear","Incorrect Circuit","1","https://github.com/microsoft/QuantumLibraries.git"
"1175","Classical","microsoft/qsharp-compiler","979c3ddb9e58e23dfa3f9ccf75c69b94041934aa","Intermediate Representation","Unclear","Type Problem, Misconfiguration, Misconfiguration - Building","10","https://github.com/microsoft/qsharp-compiler.git"
"1178","Quantum","microsoft/qsharp-compiler","7173815bb77d20b7cc7a342e8569b77b5e79e612","Machine Code Generation","Unclear","Incorrect Application Logic","14","https://github.com/microsoft/qsharp-compiler.git"
"1188","Classical","microsoft/qsharp-compiler","1ca68a9c43a9d6c05f7fb4cb1ce46295e70d6091","Infrastructural Scripts and Glue Code","Crash - OS/PL Error, Crash","Misconfiguration, Misconfiguration - Testing","4","https://github.com/microsoft/qsharp-compiler.git"
"1195","Classical","microsoft/qsharp-compiler","34a8c0b0903005d5d9a89b67ef0deec65cb6f0fd","Infrastructural Scripts and Glue Code","Crash - OS/PL Error, Crash","Overlooked Corner Case","6","https://github.com/microsoft/qsharp-compiler.git"
"1212","Classical","microsoft/qsharp-compiler","b1c3ec68f4bfae42eaaa3e2026f077332cccfa04","Infrastructural Scripts and Glue Code","Crash - OS/PL Error, Crash","Misconfiguration, Misconfiguration - Building","10","https://github.com/microsoft/qsharp-compiler.git"
"1216","Quantum","microsoft/qsharp-compiler","cb553b73f02833f7e9c74fa83ca787b1c0a7e603","Machine Code Generation","Crash - Application Error, Crash","Incorrect Application Logic","100+","https://github.com/microsoft/qsharp-compiler.git"
"1217","Quantum","microsoft/qsharp-compiler","c2f8e0e712fc698d93ef9b4991444874a7c04b50","Optimizations","Crash - Application Error, Crash","Overlooked Corner Case","70","https://github.com/microsoft/qsharp-compiler.git"
"1220","Quantum","microsoft/qsharp-compiler","d2f3de6cd0fd072569fc125cfe89941b0a40c968","Optimizations, Classical Abstractions","Incorrect Output","Incorrect Application Logic, Incorrect IR - Wrong Information","6","https://github.com/microsoft/qsharp-compiler.git"
"1221","Classical","microsoft/qsharp-compiler","3ffd626b249f836369054cc1aa9e5d2f8aadfe0b","Infrastructural Scripts and Glue Code","Crash - OS/PL Error, Crash","Incorrect Application Logic","100+","https://github.com/microsoft/qsharp-compiler.git"
"1222","Classical","microsoft/qsharp-compiler","1af31ba43561e9cbfa99be70e633f6d39a4fa71e","Machine Code Generation","Crash - OS/PL Error, Crash","Incorrect Application Logic","100+","https://github.com/microsoft/qsharp-compiler.git"
"1229","Classical","microsoft/qsharp-compiler","ed60c81e5192cddd5f7342c08a1c00d392473127","Intermediate Representation","Crash - OS/PL Error, Crash","Incorrect Application Logic, Overlooked Corner Case","88","https://github.com/microsoft/qsharp-compiler.git"
"1230","Classical","microsoft/qsharp-compiler","4cfa49817b99a1fd6a9c74f0ff3b1e84a84ac74c","Machine Code Generation","Crash - OS/PL Error, Crash","Incorrect Application Logic, Incorrect IR - Wrong Information","61","https://github.com/microsoft/qsharp-compiler.git"
"1233","Classical","microsoft/qsharp-compiler","2dbaea713e9fe1925a4b14483d37c0decaea6ba8","Machine Code Generation","Crash - Application Error, Crash","Incorrect Application Logic","3","https://github.com/microsoft/qsharp-compiler.git"
"1234","Classical","microsoft/qsharp-compiler","c3d1a09f70960d09af68e805294962e7e6c690d8","Infrastructural Scripts and Glue Code","Crash - OS/PL Error, Crash","Misconfiguration, Misconfiguration - Building, String Bug","1","https://github.com/microsoft/qsharp-compiler.git"
"1245","Quantum","QE-Lab/OpenQL","bc0d1c7981a71349d6b1fd816276df8645dfc010","Machine Code Generation","Incorrect Output","Incorrect Application Logic, Incorrect Scheduling","1","https://github.com/QE-Lab/OpenQL.git"
"1246","Classical","QE-Lab/OpenQL","a8494680613fc0912aa4bb9184d0a4d8b1f94a08","Infrastructural Scripts and Glue Code, Quantum Abstractions","Crash - OS/PL Error, Crash","Type Problem, Overlooked Corner Case, Misconfiguration, Misconfiguration - Building","1","https://github.com/QE-Lab/OpenQL.git"
"1254","Quantum","QE-Lab/OpenQL","9a443a2ddd15349d2750edcf5b9cbbbef82e5929","Machine Code Generation","Crash - OS/PL Error, Crash","Incorrect Application Logic","100+","https://github.com/QE-Lab/OpenQL.git"
"1257","Classical","QE-Lab/OpenQL","3615bb3bba9d1f664f485139e123073df3419967","Infrastructural Scripts and Glue Code, Testing","Other Non-functional","Syntax Error","1","https://github.com/QE-Lab/OpenQL.git"
"1261","Classical","QE-Lab/OpenQL","bbf64b674b88cc87e27c235b954f1a905a29ccfb","Infrastructural Scripts and Glue Code","Other Non-functional","API Outdated - External","9","https://github.com/QE-Lab/OpenQL.git"
"1263","Classical","QE-Lab/OpenQL","1636cd193eaa104f5cc118fc9a3eb58acfc8b579","Infrastructural Scripts and Glue Code, Testing","Unclear","Typo, String Bug","2","https://github.com/QE-Lab/OpenQL.git"
"1266","Classical","QE-Lab/OpenQL","48d7fe339f4ce00b9df31c04ef82b8cb30124035","Machine Code Generation, Classical Abstractions","Unclear","String Bug","2","https://github.com/QE-Lab/OpenQL.git"
"1270","Classical","QE-Lab/OpenQL","136270124a3c1777d996e0ae4914f503f7a2dadd","Infrastructural Scripts and Glue Code","Inefficiency","Misconfiguration, Misconfiguration - Building","100+","https://github.com/QE-Lab/OpenQL.git"
"1279","Classical","QE-Lab/OpenQL","e2410dfc0207373f23cc4c7ec767c4d0a7e9425b","Infrastructural Scripts and Glue Code, Testing","Compilation Error","Misconfiguration, Misconfiguration - Building","1","https://github.com/QE-Lab/OpenQL.git"
"128","Classical","PennyLaneAI/pennylane","c267cd0337414a6e3e8296629a8914032806cda7","Domain-specific Abstractions","Incorrect Output","Incorrect IR - Wrong Information, Overlooked Corner Case, Type Problem","6","https://github.com/PennyLaneAI/pennylane.git"
"1280","Classical","QE-Lab/OpenQL","0648b0e443d5645a27894f4a5ed7ec6cda0ffb85","Infrastructural Scripts and Glue Code, Testing","Crash - OS/PL Error, Crash","Misconfiguration, Misconfiguration - Building","66","https://github.com/QE-Lab/OpenQL.git"
"1287","Classical","QE-Lab/OpenQL","39c9098df670306bb5a37c5006c7b9340252bef7","Machine Code Generation","Crash - OS/PL Error, Crash","Incorrect Application Logic, Incorrect Scheduling","1","https://github.com/QE-Lab/OpenQL.git"
"1288","Classical","QE-Lab/OpenQL","be54ea333f9b2fc76056bf48af4d638e4ebd2f78","Machine Code Generation","Incorrect Output","Overlooked Corner Case","9","https://github.com/QE-Lab/OpenQL.git"
"1327","Classical","quantumlib/Cirq","367485cfc7ff58eb99a84591f3b007365f6cad3b","Infrastructural Scripts and Glue Code","Unclear","Misconfiguration, Misconfiguration - Installation","2","https://github.com/quantumlib/Cirq.git"
"1331","Quantum","quantumlib/Cirq","342bcc3cfe455e403dbf51a3bf71e85211c3cf36","Optimizations","Incorrect Output","Incorrect Numerical Computation","6","https://github.com/quantumlib/Cirq.git"
"136","Quantum","PennyLaneAI/pennylane","1a48733e25caa373966a03dcc0d073420fcd5fed","Domain-specific Abstractions, Quantum Abstractions","Crash - Application Error, Crash","Incorrect IR - Missing Information","1","https://github.com/PennyLaneAI/pennylane.git"
"1372","Quantum","quantumlib/Cirq","94181e2784bf9a7b4259503db8a4f6808325bcf2","Quantum Abstractions, Visualization and Plotting","Incorrect Output","Incorrect Application Logic","12","https://github.com/quantumlib/Cirq.git"
"138","Quantum","PennyLaneAI/pennylane","ee9436ca19e40fa20fac83d1da3c4fd6571fb48c","Quantum State Evaluation","Crash - OS/PL Error, Crash","Overlooked Corner Case","24","https://github.com/PennyLaneAI/pennylane.git"
"140","Classical","PennyLaneAI/pennylane","ef87a8cf35accfbb556fab13210288f9c46b358b","Domain-specific Abstractions, Quantum Abstractions","Crash - OS/PL Error, Crash","API Outdated - Internal","100+","https://github.com/PennyLaneAI/pennylane.git"
"1417","Quantum","quantumlib/Cirq","a3ab283cecf50c9e74e6f5a586e07f63e55cac8a","Testing","Failing Test","Numerical Error, Flaky Test","2","https://github.com/quantumlib/Cirq.git"
"1464","Quantum","quantumlib/Cirq","4dae9b2c766fb9cd5a24bce655020b63c0ed47ac","Quantum State Evaluation","Incorrect Final Measurement, Incorrect Output","Overlooked Qubit Order","4","https://github.com/quantumlib/Cirq.git"
"1467","Classical","quantumlib/Cirq","875132cf97190c016023c20958f69a675376a160","Testing","Inefficiency","Incorrect Randomenss Handling","4","https://github.com/quantumlib/Cirq.git"
"1496","Quantum","quantumlib/Cirq","df52d1c6168d2f64cef4045b1c4a149c98e807d3","Machine Code Generation","Incorrect Output","Incorrect Numerical Computation","20","https://github.com/quantumlib/Cirq.git"
"150","Quantum","PennyLaneAI/pennylane","a4d7abdc047869a2d378e54c7b1cc0b036ae7625","Domain-specific Abstractions, Intermediate Representation","Incorrect Output","Incorrect IR - Missing Information","6","https://github.com/PennyLaneAI/pennylane.git"
"1518","Classical","quantumlib/Cirq","7c8c959e5e4b90f857cd1539279c51d30224033c","Intermediate Representation","Crash - OS/PL Error, Crash","API Outdated - Internal","5","https://github.com/quantumlib/Cirq.git"
"1537","Classical","quantumlib/Cirq","00f29904c6de484c6bd273fdca47bc80a0f84eba","Tutorial and Examples","Crash - OS/PL Error, Crash","Misconfiguration, Misconfiguration - Installation","1","https://github.com/quantumlib/Cirq.git"
"154","Quantum","PennyLaneAI/pennylane","614db57b02536bb09fbfbae853ceff8878b928af","Domain-specific Abstractions, Intermediate Representation","Crash - Application Error, Crash","GPU related","15","https://github.com/PennyLaneAI/pennylane.git"
"1555","Classical","quantumlib/Cirq","18c97b3fc3f776a830b25871aabc2b6b1255b301","Interface to Quantum Computer, Quantum State Evaluation","Crash - OS/PL Error, Crash","Type Problem","1","https://github.com/quantumlib/Cirq.git"
"156","Classical","PennyLaneAI/pennylane","a5b9b23952b7cad3528d0b64f1084d0e40b563ab","Quantum Abstractions","Incorrect Output","Missing Implementation","6","https://github.com/PennyLaneAI/pennylane.git"
"1571","Classical","quantumlib/Cirq","51dc09663cc862b7a964aaab2c59952737a44b7b","Infrastructural Scripts and Glue Code","Crash - OS/PL Error, Crash","Misconfiguration, Misconfiguration - Installation","26","https://github.com/quantumlib/Cirq.git"
"159","Quantum","PennyLaneAI/pennylane","c9745b96717854aeba77ba9b43e8144115f63a28","Domain-specific Abstractions","Crash - OS/PL Error, Crash","API Outdated - Internal, Overlooked Corner Case","3","https://github.com/PennyLaneAI/pennylane.git"
"16","Quantum","Qiskit/qiskit-ignis","838bc0f750d63b4ea14789fd174f9a10f51f61c2","Testing","Failing Test","Incorrect Numerical Computation","5","https://github.com/Qiskit/qiskit-ignis.git"
"160","Quantum","PennyLaneAI/pennylane","382b4f58b3c22cc2cfbb84205087733228b54807","Domain-specific Abstractions","Failing Test","Incorrect Application Logic","43","https://github.com/PennyLaneAI/pennylane.git"
"1612","Quantum","quantumlib/Cirq","504bdbb9bb30249d85ecf7ba199b047150ee33f3","Optimizations","Other Non-functional","Overlooked Corner Case, Type Problem","8","https://github.com/quantumlib/Cirq.git"
"1633","Quantum","aws/amazon-braket-sdk-python","ab63ab5fd81d1432f178d6ec3c3a061adfe62145","Visualization and Plotting","Incorrect Visualization, Incorrect Output","Overlooked Corner Case","100+","https://github.com/aws/amazon-braket-sdk-python.git"
"1651","Quantum","aws/amazon-braket-sdk-python","29ccb5a17dbc05e2a5f8e9e5da23b9410eec1fbe","Quantum Abstractions","Incorrect Output","Incorrect IR - Wrong Information, Incorrect Application Logic, Qubit Count Related","8","https://github.com/aws/amazon-braket-sdk-python.git"
"1652","Classical","aws/amazon-braket-sdk-python","ef5e18ea5c88b5ee30d8012c790e06c78da810a8","Interface to Quantum Computer","Inefficiency","Incorrect Application Logic, Incorrect IR - Wrong Information","8","https://github.com/aws/amazon-braket-sdk-python.git"
"1659","Classical","aws/amazon-braket-sdk-python","bf724236a3fcfdc5bab1a3dddf28e983cbf90038","Interface to Quantum Computer","Crash - Application Error, Crash","Incorrect Resource Access","32","https://github.com/aws/amazon-braket-sdk-python.git"
"1660","Classical","aws/amazon-braket-sdk-python","5164b39363dd2d8d46152953e066c33789babe8c","Interface to Quantum Computer","Inefficiency","Overlooked Corner Case","29","https://github.com/aws/amazon-braket-sdk-python.git"
"1662","Classical","aws/amazon-braket-sdk-python","3ddde05e03643a867c6b4266d835d00ea57c9d67","Testing","Crash - OS/PL Error, Crash","API Misuse - Internal","1","https://github.com/aws/amazon-braket-sdk-python.git"
"1663","Classical","aws/amazon-braket-sdk-python","baaccfd47b4ca6a015e6446b580aef3584fede3d","Interface to Quantum Computer","Unclear","API Misuse - External, Wrong Concept","1","https://github.com/aws/amazon-braket-sdk-python.git"
"1667","Quantum","aws/amazon-braket-sdk-python","ba4cea0217ea96ea825533c6af01f24647bbda90","Interface to Quantum Computer","Incorrect Output","Overlooked Corner Case","20","https://github.com/aws/amazon-braket-sdk-python.git"
"1678","Quantum","aws/amazon-braket-sdk-python","9bdf26cb7e8a0973fe33e880cf0623189a33fe6b","Quantum Abstractions","Incorrect Output","Incorrect Application Logic, Qubit Count Related","100+","https://github.com/aws/amazon-braket-sdk-python.git"
"1680","Classical","aws/amazon-braket-sdk-python","74905c286284164d7a1e05c8c0775474dd093b9b","Quantum State Evaluation","Crash - OS/PL Error, Crash","Overlooked Corner Case","18","https://github.com/aws/amazon-braket-sdk-python.git"
"1682","Classical","aws/amazon-braket-sdk-python","cc704fa77d1570729f887a230ef9fc60bcff8df5","Quantum Abstractions","Incorrect Output","Incorrect IR - Wrong Information","8","https://github.com/aws/amazon-braket-sdk-python.git"
"1685","Classical","unitaryfund/mitiq","1d9640d6be47cd575034e243cfa12e8668cfc9ad","Quantum State Evaluation","Incorrect Output","Incorrect Numerical Computation, Imprecise Result","10","https://github.com/unitaryfund/mitiq.git"
"1687","Quantum","unitaryfund/mitiq","5fc12d5e4688ba4006eb4a733379b61c0e9c2b45","Quantum State Evaluation","Incorrect Output","Incorrect Numerical Computation, Imprecise Result","1","https://github.com/unitaryfund/mitiq.git"
"1688","Quantum","unitaryfund/mitiq","ce91935c9cc3107eb49f5aad32ded6bf689b777a","Testing","Incorrect Output","Incorrect Numerical Computation, Typo","1","https://github.com/unitaryfund/mitiq.git"
"1697","Classical","unitaryfund/mitiq","03e0d069752a1c92027b5988428ad08249bdd68b","Tutorial and Examples","Failing Test","Incorrect Randomenss Handling, Flaky Test","2","https://github.com/unitaryfund/mitiq.git"
"1702","Quantum","unitaryfund/mitiq","4d260bd6545c20f3b1fefc2c843fb67d1296cb45","Quantum State Evaluation","Incorrect Output","Overlooked Corner Case","2","https://github.com/unitaryfund/mitiq.git"
"1705","Classical","unitaryfund/mitiq","6f66672740d1322995916dbeb1ffc2f94403baac","Infrastructural Scripts and Glue Code","Incorrect Output","API Outdated - Internal","1","https://github.com/unitaryfund/mitiq.git"
"1721","Classical","aspuru-guzik-group/tequila","d08a1ab5af20263cd2985036ac14e2ed127894a3","Domain-specific Abstractions","Incorrect Output","Typo, Wrong Identifier","1","https://github.com/aspuru-guzik-group/tequila.git"
"1722","Quantum","aspuru-guzik-group/tequila","fd69d263e63ab8a7e05dfcb2776d486f2b964d07","Simulator","Unclear","Overlooked Corner Case","100+","https://github.com/aspuru-guzik-group/tequila.git"
"1723","Quantum","aspuru-guzik-group/tequila","30eba3a9bfcdf2062a2f7808c520d1a7c4bd1236","Quantum Abstractions","Crash - Application Error, Crash","Incorrect Application Logic","4","https://github.com/aspuru-guzik-group/tequila.git"
"1726","Quantum","aspuru-guzik-group/tequila","7f5a90d27de533c48637a0399f482390b7d6c0a1","Domain-specific Abstractions, Intermediate Representation","Unclear","Overlooked Qubit Order, Incorrect Application Logic","100+","https://github.com/aspuru-guzik-group/tequila.git"
"1727","Quantum","aspuru-guzik-group/tequila","4c08588ab73c8a23537596a728a4b8f489ec4048","Domain-specific Abstractions","Unclear","Incorrect IR - Wrong Information, Incorrect Application Logic","25","https://github.com/aspuru-guzik-group/tequila.git"
"1729","Quantum","aspuru-guzik-group/tequila","2790f8ee8bc6564a3482d0d2176c743ab5b9e3d7","Simulator, Quantum State Evaluation","Incorrect Final Measurement, Incorrect Output","Incorrect Application Logic","9","https://github.com/aspuru-guzik-group/tequila.git"
"1733","Quantum","aspuru-guzik-group/tequila","27ac6d02a4f7020a1fb2a2c5fa8562d77d1662fd","Simulator","Unclear","Wrong Concept, Incorrect IR - Wrong Information","1","https://github.com/aspuru-guzik-group/tequila.git"
"1734","Classical","aspuru-guzik-group/tequila","69c3d3fa43f4ebe79cc73cef79f3ee18677e2344","Simulator","Crash - Application Error, Crash","API Outdated - External","6","https://github.com/aspuru-guzik-group/tequila.git"
"1735","Classical","aspuru-guzik-group/tequila","2fab2353ed96acdc80bdc65eccac43031b98180b","Simulator, Quantum State Evaluation","Incorrect Final Measurement, Incorrect Output","Incorrect IR - Wrong Information","1","https://github.com/aspuru-guzik-group/tequila.git"
"1736","Quantum","aspuru-guzik-group/tequila","a67fe808c165c5f30a30d9745cfb8155b47c7eca","Quantum Abstractions","Incorrect Final Measurement, Incorrect Output","Incorrect Application Logic","5","https://github.com/aspuru-guzik-group/tequila.git"
"1738","Quantum","aspuru-guzik-group/tequila","be70211e1b4cad4326f01f9b2f790643255a7aaa","Simulator, Quantum State Evaluation","Incorrect Final Measurement, Incorrect Output","MSB-LSB convention mismatches, Overlooked Qubit Order","5","https://github.com/aspuru-guzik-group/tequila.git"
"1742","Quantum","aspuru-guzik-group/tequila","4381d315ea1f0b17cbb68243f756d83b73d759d0","Domain-specific Abstractions","Incorrect Output","Incorrect Application Logic","20","https://github.com/aspuru-guzik-group/tequila.git"
"1744","Quantum","aspuru-guzik-group/tequila","0637f83c354c70bac95acef5a41ffa7cf3c48e3b","Domain-specific Abstractions","Incorrect Output","Incorrect Numerical Computation","1","https://github.com/aspuru-guzik-group/tequila.git"
"1745","Classical","aspuru-guzik-group/tequila","9b673ce6df5dc35eacb2f8a4bfae76ff5b243a86","Intermediate Representation","Incorrect Output","Incorrect Application Logic","4","https://github.com/aspuru-guzik-group/tequila.git"
"1750","Classical","qulacs/qulacs","b5280ea22153bf0d8079f2fd59bb26c1eefcf9c3","Infrastructural Scripts and Glue Code","Crash - OS/PL Error, Crash","Misconfiguration, Misconfiguration - Building","1","https://github.com/qulacs/qulacs.git"
"1752","Classical","qulacs/qulacs","93d44536cc8e58bc956cc64eccf27d0b61d68b9b","Infrastructural Scripts and Glue Code","Crash - OS/PL Error, Crash","Misconfiguration, Misconfiguration - Building","1","https://github.com/qulacs/qulacs.git"
"1762","Classical","qulacs/qulacs","0e6c4b22678effed137333d376474c06207114e4","Intermediate Representation","Crash - OS/PL Error, Crash","Incorrect IR - Missing Information, Wrong Static Mapping","1","https://github.com/qulacs/qulacs.git"
"1763","Quantum","qulacs/qulacs","acc9cd6b7d1e87da9dc301c7a8b7a7c06bd8ee43","Quantum State Evaluation, Intermediate Representation","Crash - OS/PL Error, Crash","Missing Implementation","100+","https://github.com/qulacs/qulacs.git"
"1774","Classical","qulacs/qulacs","969d1457316013a8719674226bed2e5553e2486a","Intermediate Representation","Inefficiency","Memory Leak, Misconfiguration, Misconfiguration - Installation","80","https://github.com/qulacs/qulacs.git"
"1775","Classical","qulacs/qulacs","886e1893a7d5bf041c7c94bf5bb120bec01a64a4","Quantum Abstractions","Crash - Application Error, Crash","Typo, Qubit Count Related","1","https://github.com/qulacs/qulacs.git"
"1780","Classical","qulacs/qulacs","ee001c1a63842fea1a14b5d954d88765faff0355","Quantum Abstractions, Simulator","Unclear","GPU related, Overlooked Corner Case","39","https://github.com/qulacs/qulacs.git"
"1786","Classical","qulacs/qulacs","2df908d4ea20bf47d0e07c18ed0a3ec7a5f17bf5","Infrastructural Scripts and Glue Code","Crash - OS/PL Error, Crash","Misconfiguration, Misconfiguration - Building","1","https://github.com/qulacs/qulacs.git"
"1797","Quantum","qulacs/qulacs","e44ed018d83c3d23ffa4309bcb9edb803845bcbf","Quantum Abstractions","Incorrect Output","Incorrect Application Logic, GPU related","4","https://github.com/qulacs/qulacs.git"
"1803","Classical","qulacs/qulacs","e6b55618d0955136a19b16cdd37a4fe5ff893d8b","Infrastructural Scripts and Glue Code","Crash - OS/PL Error, Crash","Misconfiguration, Misconfiguration - Installation","27","https://github.com/qulacs/qulacs.git"
"1808","Classical","qulacs/qulacs","3a22870a2217e756c4b73602930af0fc5d07c10b","Quantum Abstractions","Inefficiency","Incorrect Application Logic, Memory Leak","1","https://github.com/qulacs/qulacs.git"
"1814","Quantum","qulacs/qulacs","ae8299f5eae4c83b1741bb9c683802ceb49cf4ef","Quantum Abstractions, Intermediate Representation","Unclear","String Encoding Related, Incorrect IR - Wrong Information","9","https://github.com/qulacs/qulacs.git"
"1814-5","Quantum","qulacs/qulacs","ae8299f5eae4c83b1741bb9c683802ceb49cf4ef","Quantum Abstractions, Quantum State Evaluation","Incorrect Output","Incorrect Resources Access, Overlooked Corner Case","10","https://github.com/qulacs/qulacs.git"
"1820","Quantum","xanaduai/strawberryfields","dd7668c30c0e20730ea1d80cab91c7247e71af5f","Quantum Abstractions","Crash - OS/PL Error, Crash","Type Problem","4","https://github.com/xanaduai/strawberryfields.git"
"1828","Classical","xanaduai/strawberryfields","098caa660133c6bcdb357c2599e4a561100c5686","Machine Code Generation","Incorrect Output","Incorrect Application Logic, Incorrect IR - Missing Information","12","https://github.com/xanaduai/strawberryfields.git"
"1829","Classical","xanaduai/strawberryfields","5ecac45f620bb9769b2e2ab4ea9d456459b96131","Testing","Failing Test","API Outdated - Internal","100+","https://github.com/xanaduai/strawberryfields.git"
"183","Classical","Qiskit/qiskit-terra","8c80c6edaf0d56a756bcef3aeee6d04196e8fa04","Quantum Abstractions","Crash - Application Error, Crash","API Outdated - External","2","https://github.com/Qiskit/qiskit-terra.git"
"1836","Quantum","xanaduai/strawberryfields","5da0791d293655251bf67481aa8657315899af8d","Tutorial and Examples","Incorrect Output","Incorrect Randomenss Handling","15","https://github.com/xanaduai/strawberryfields.git"
"1839","Quantum","xanaduai/strawberryfields","bcbafdd6c98dee67f4a1e3265a1a9c6a6117c81d","Tutorial and Examples","Crash - OS/PL Error, Crash","Overlooked Corner Case","4","https://github.com/xanaduai/strawberryfields.git"
"1846","Classical","xanaduai/strawberryfields","a168124c8fc5a51e99e8808e756b7fbd678be9bd","Interface to Quantum Computer","Incorrect Output","API Misuse - Internal","2","https://github.com/xanaduai/strawberryfields.git"
"1847","Classical","xanaduai/strawberryfields","beb7500622712186a9bf7f27fd3d8f354ac17d35","Interface to Quantum Computer","Incorrect Output","API Misuse - Internal","1","https://github.com/xanaduai/strawberryfields.git"
"1851","Classical","xanaduai/strawberryfields","19b6b634e54fc612e9b92673dd25d2c3e25a09f5","Quantum State Evaluation","Crash - Application Error, Crash","Numerical Error","1","https://github.com/xanaduai/strawberryfields.git"
"1854","Classical","xanaduai/strawberryfields","2e6d558e92bcd28da0ac76d88a7eb6d59667cc69","Intermediate Representation","Incorrect Output","Incorrect Application Logic","3","https://github.com/xanaduai/strawberryfields.git"
"1854-5","Quantum","xanaduai/strawberryfields","2e6d558e92bcd28da0ac76d88a7eb6d59667cc69","Intermediate Representation","Incorrect Output","Incorrect Application Logic","5","https://github.com/xanaduai/strawberryfields.git"
"1858","Classical","xanaduai/strawberryfields","c7173f9052a1166bc1a205141033e98331cf0de9","Quantum Abstractions","Crash - OS/PL Error, Crash","Type Problem","3","https://github.com/xanaduai/strawberryfields.git"
"1860","Classical","xanaduai/strawberryfields","6fd7aaa2332eb2d283034b03984acaeb06e785ac","Quantum Abstractions","Incorrect Output","Type Problem","4","https://github.com/xanaduai/strawberryfields.git"
"1864","Quantum","xanaduai/strawberryfields","45309dcad0133d2c59a91c09ab294bef29a7a621","Quantum State Evaluation","Incorrect Final Measurement, Incorrect Output","Incorrect Application Logic","82","https://github.com/xanaduai/strawberryfields.git"
"1869","Quantum","eclipse/xacc","c334829352fc2b490c407b6a09fb767a16516bbf","Intermediate Representation","Incorrect Output","Wrong Concept","4","https://github.com/eclipse/xacc.git"
"1876","Quantum","eclipse/xacc","f1703607ca637c111ad362442ca2209354ff79a0","Optimizations","Incorrect Output","Overlooked Qubit Order, Incorrect IR - Wrong Information","2","https://github.com/eclipse/xacc.git"
"1878","Classical","eclipse/xacc","e980988e148243ed5d650317cad2870c6985f2ae","Infrastructural Scripts and Glue Code","Crash - OS/PL Error, Crash","Misconfiguration, Misconfiguration - Building","1","https://github.com/eclipse/xacc.git"
"1879","Quantum","eclipse/xacc","05f379494b78ad5d8b6fcd0d924b3ac6aa5be92b","Machine Code Generation","Incorrect Output","Incorrect Application Logic, Incorrect Scheduling","60","https://github.com/eclipse/xacc.git"
"1882","Classical","eclipse/xacc","9ca1673602ff7245c026954e536247d2bd0fa5f3","Infrastructural Scripts and Glue Code","Crash - OS/PL Error, Crash","Misconfiguration, Misconfiguration - Building","14","https://github.com/eclipse/xacc.git"
"1883","Quantum","eclipse/xacc","9898fb896b1f94d93050f622b27271aad3894a18","Optimizations","Incorrect Final Measurement, Incorrect Output","Incorrect IR - Wrong Information","2","https://github.com/eclipse/xacc.git"
"1894","Classical","eclipse/xacc","6e3d93f05c64b006c12ebce275e76fe29e5de1c4","Tutorial and Examples","Unclear","Incorrect Application Logic","24","https://github.com/eclipse/xacc.git"
"1896","Classical","eclipse/xacc","2e07972790dccbdf911a0733a8686fd7c99304c3","Infrastructural Scripts and Glue Code","Crash - OS/PL Error, Crash","Misconfiguration, Misconfiguration - Installation","21","https://github.com/eclipse/xacc.git"
"1897","Classical","eclipse/xacc","1d88e375a1ece7e7a45a75f052016869964f7659","Infrastructural Scripts and Glue Code, Testing","Failing Test","Misconfiguration, Misconfiguration - Building","6","https://github.com/eclipse/xacc.git"
"1900","Quantum","eclipse/xacc","771e4f8ab46e7b29204d87541da34b76b081e855","Optimizations","Incorrect Output","MSB-LSB convention mismatches, Overlooked Qubit Order, Incorrect IR - Wrong Information","32","https://github.com/eclipse/xacc.git"
"1900-5","Quantum","eclipse/xacc","771e4f8ab46e7b29204d87541da34b76b081e855","Quantum Abstractions, Machine Code Generation","Incorrect Output","Incorrect Circuit, Wrong Identifier","1","https://github.com/eclipse/xacc.git"
"1908","Classical","eclipse/xacc","faa563a831f380141b840f561fc46145d038ac65","Infrastructural Scripts and Glue Code","Crash - OS/PL Error, Crash","Misconfiguration, Misconfiguration - Building","5","https://github.com/eclipse/xacc.git"
"1909","Classical","eclipse/xacc","ad39126c9b6a835a88d6113fbf75d4ef5e590627","Intermediate Representation","Unclear","Type Problem","1","https://github.com/eclipse/xacc.git"
"1909-5","Classical","eclipse/xacc","ad39126c9b6a835a88d6113fbf75d4ef5e590627","Interface to Quantum Computer","Other Non-functional","API Outdated - External","1","https://github.com/eclipse/xacc.git"
"1911","Quantum","eclipse/xacc","e5252e7a6560b83a12cd50bf59d839596c2939a7","Simulator","Incorrect Output","Incorrect Application Logic","4","https://github.com/eclipse/xacc.git"
"1915","Classical","eclipse/xacc","660c9125e0c4f1e6c833b5f2fba218be5350109c","Optimizations","Incorrect Output","Incorrect IR - Missing Information","36","https://github.com/eclipse/xacc.git"
"1917","Classical","eclipse/xacc","31b22ebe4608f1a1dbe60c99870af30cd6e15092","Intermediate Representation","Crash - OS/PL Error, Crash","Overlooked Corner Case","4","https://github.com/eclipse/xacc.git"
"1918","Classical","eclipse/xacc","c60662652b46f30b791aeef0ac0728d27d125ce6","Domain-specific Abstractions, Quantum State Evaluation","Crash - OS/PL Error, Crash","Missing Implementation","6","https://github.com/eclipse/xacc.git"
"1928","Classical","rigetti/pyquil","b6ef90d22065c0b9c87788477a04f8b38f56c2eb","Interface to Quantum Computer","Crash - OS/PL Error, Crash","API Misuse - Internal","1","https://github.com/rigetti/pyquil.git"
"1936","Classical","rigetti/pyquil","92cb256530f4793fee007b6c1e8c9db4a22a1a7f","Infrastructural Scripts and Glue Code","Crash - OS/PL Error, Crash","Misconfiguration, Misconfiguration - Installation","1","https://github.com/rigetti/pyquil.git"
"1959","Quantum","rigetti/pyquil","c147eb4f9417af72b5f396b2859506524ecf5bf4","Simulator","Unclear","Numerical Error","97","https://github.com/rigetti/pyquil.git"
"1988","Quantum","rigetti/pyquil","604bf264ef522f721aa2ab7ee36dd007e095f732","Quantum Abstractions","Incorrect Output","Type Problem, Overlooked Corner Case","12","https://github.com/rigetti/pyquil.git"
"1991","Classical","rigetti/pyquil","adf04c9b1aa074c67bb34ea06d7f18ee06bbdfd7","Quantum State Evaluation","Incorrect Output","Incorrect IR - Missing Information, Incorrect Application Logic","10","https://github.com/rigetti/pyquil.git"
"2004","Classical","rigetti/pyquil","b9f050c6e33a036c10d6f984c3f0b0f29836d2e0","Quantum Abstractions","Crash - OS/PL Error, Crash","Type Problem","3","https://github.com/rigetti/pyquil.git"
"2005","Quantum","rigetti/pyquil","58965c33b8314cda119ff36e46b705a03835d397","Visualization and Plotting","Incorrect Visualization, Incorrect Output","Wrong Concept, Wrong Identifier","2","https://github.com/rigetti/pyquil.git"
"2007","Classical","rigetti/pyquil","75a7c7428235e017ac6740e804cce64057bc3a95","Tutorial and Examples","Crash - OS/PL Error, Crash","API Misuse - Internal","1","https://github.com/rigetti/pyquil.git"
"2018","Classical","rigetti/pyquil","279a29b432a6c12d013b26201fc53410fca4f48d","Intermediate Representation","Crash - OS/PL Error, Crash","Incorrect Application Logic, Type Problem, Overlooked Corner Case","1","https://github.com/rigetti/pyquil.git"
"2032","Classical","dwavesystems/dwave-system","4050d488f3d6ffd0a828d531127a0231527d2b6c","Quantum Abstractions","Unclear","Incorrect IR - Wrong Information","2","https://github.com/dwavesystems/dwave-system.git"
"2033","Classical","dwavesystems/dwave-system","38629d04e0e33a3a2c69ff5c85938aed49356ce1","Quantum Abstractions","Crash - Application Error, Crash","Typo, Wrong Identifier","1","https://github.com/dwavesystems/dwave-system.git"
"2043","Quantum","dwavesystems/dwave-system","e83f632479ec51e425f62305f58ecf284b557a7e","Quantum Abstractions","Crash - Application Error, Crash","Incorrect IR - Wrong Information","10","https://github.com/dwavesystems/dwave-system.git"
"2052","Classical","dwavesystems/dwave-system","e8a1fefc86f560799ded9dfc19b54e70964db17b","Testing","Failing Test","API Misuse - Internal, Flaky Test","3","https://github.com/dwavesystems/dwave-system.git"
"2056","Quantum","dwavesystems/dwave-system","d0fd4c0163e984dfd2adae43f7bc7ee7f4edc829","Quantum Abstractions","Other Non-functional","Overlooked Corner Case, Chain Strength","5","https://github.com/dwavesystems/dwave-system.git"
"2064","Classical","dwavesystems/dwave-system","91a5b5ccd746906b701fe22adca0bd5716f79a47","Quantum Abstractions","Crash - Application Error, Crash","Misconfiguration, String Bug","2","https://github.com/dwavesystems/dwave-system.git"
"2066","Classical","dwavesystems/dwave-system","ff44e1bbad1fce93a4685d65119e1b6d96cf23b2","Infrastructural Scripts and Glue Code","Crash - OS/PL Error, Crash","Misconfiguration, Misconfiguration - Installation, String Bug","1","https://github.com/dwavesystems/dwave-system.git"
"2067","Classical","dwavesystems/dwave-system","00fa6703c7e550314e5ea171ca4c10d15282079c","Quantum Abstractions","Incorrect Output","Incorrect Application Logic","67","https://github.com/dwavesystems/dwave-system.git"
"2068","Classical","dwavesystems/dwave-system","abce195feee853ed9a82694af72c3fb59818bb4e","Testing","Failing Test","Overlooked Corner Case","9","https://github.com/dwavesystems/dwave-system.git"
"2069","Classical","microsoft/qsharp-runtime","c245ecbc908adfa830c19be4dec5c50f58a07837","Classical Abstractions","Crash - OS/PL Error, Crash","Overlooked Corner Case","3","https://github.com/microsoft/qsharp-runtime.git"
"2070","Classical","microsoft/qsharp-runtime","e1d4c07c299b31d3486647e0ce3748df97a0d786","Machine Code Generation","Failing Test","Overlooked Corner Case","1","https://github.com/microsoft/qsharp-runtime.git"
"2076","Classical","microsoft/qsharp-runtime","00818415e46a90d880f4b4cc11a4f89ab88ff8ff","Testing","Failing Test","String Encoding Related","61","https://github.com/microsoft/qsharp-runtime.git"
"2077","Classical","microsoft/qsharp-runtime","eaafd1ba3e4e421655889bdf2f5d0daa18ae96f2","Intermediate Representation","Incorrect Output","Incorrect Application Logic","20","https://github.com/microsoft/qsharp-runtime.git"
"2082","Quantum","microsoft/qsharp-runtime","f4a4a6d959dc0e97bc8dc12fc67ddbe78423f5fe","Testing","Failing Test","Incorrect Resources Access","24","https://github.com/microsoft/qsharp-runtime.git"
"2087","Classical","microsoft/qsharp-runtime","4a5862ffae68159aa0918ec9ed7f955d30a1ade3","Machine Code Generation","Compilation Error","Incorrect Application Logic","19","https://github.com/microsoft/qsharp-runtime.git"
"2089","Classical","microsoft/qsharp-runtime","d7e1d9d3ec19f821c56493df4aa0aaf0476bcb3a","Simulator","Incorrect Output","Incorrect Randomenss Handling","40","https://github.com/microsoft/qsharp-runtime.git"
"2100","Classical","microsoft/qsharp-runtime","5f8268e42a938dc9603b8f1cf640f33e7665dedf","Testing","Unclear","API Misuse - Internal","1","https://github.com/microsoft/qsharp-runtime.git"
"2101","Classical","microsoft/qsharp-runtime","4a3eca470d79a0bb79e6beb270155f1d5bf3cc25","Intermediate Representation","Crash - OS/PL Error, Crash","Conflicting Statements","100+","https://github.com/microsoft/qsharp-runtime.git"
"2102","Classical","microsoft/qsharp-runtime","42781886d9d3dd762423e45c69323c9a53c57c0f","Simulator","Unclear","Wrong Identifier","2","https://github.com/microsoft/qsharp-runtime.git"
"2105","Classical","microsoft/qsharp-runtime","796dc27a2ec0fb72773aa25ad9057284d9327384","Simulator","Crash - Application Error, Crash","Misconfiguration, Misconfiguration - Building","9","https://github.com/microsoft/qsharp-runtime.git"
"2114","Classical","microsoft/qsharp-runtime","cd360b3fad5477930122a7402f2ae473665dc505","Testing","Crash - OS/PL Error, Crash","Misconfiguration, Misconfiguration - Testing","100+","https://github.com/microsoft/qsharp-runtime.git"
"2117","Classical","microsoft/qsharp-runtime","a9245fb759c6a415fd8daaca733ba78a0e9d9f4f","Simulator","Unclear","Overlooked Corner Case","1","https://github.com/microsoft/qsharp-runtime.git"
"2129","Classical","microsoft/qsharp-runtime","37f2dbec543357b574140f94760e162635de893a","Infrastructural Scripts and Glue Code","Crash - OS/PL Error, Crash","Conflicting Statements","2","https://github.com/microsoft/qsharp-runtime.git"
"225","Quantum","Qiskit/qiskit-terra","a18ef48c8a9fd0182064c81c0e7d79ad1c4c0ee6","Machine Code Generation","Crash - Application Error, Crash","Barrier Related","13","https://github.com/Qiskit/qiskit-terra.git"
"234","Classical","Qiskit/qiskit-terra","6b6c370725dec7b61618c1d6f1cc62b8cf1a0907","Simulator","Crash - Application Error, Crash","Typo, Wrong Identifier","2","https://github.com/Qiskit/qiskit-terra.git"
"255","Quantum","Qiskit/qiskit-terra","00d37c780dba447551e1e544a12b3aef10a43d53","Intermediate Representation","Incorrect Output","Incorrect IR - Wrong Information","1","https://github.com/Qiskit/qiskit-terra.git"
"26","Quantum","Qiskit/qiskit-ignis","439b3ee739fde633337f89b617c18821b25da0ad","Machine Code Generation","Incorrect Output","Incorrect Numerical Computation, Incorrect IR - Wrong Information, Incorrect Scheduling","2","https://github.com/Qiskit/qiskit-ignis.git"
"27","Classical","Qiskit/qiskit-ignis","0af27dd1fdd5c4e4d2ef80d21d0375d11a1625fd","Testing","Incorrect Output","Incorrect Randomenss Handling","2","https://github.com/Qiskit/qiskit-ignis.git"
"30","Classical","Qiskit/qiskit-ignis","824372e18a42a735bbef37cd8ee61bc5d5821f9f","Quantum Abstractions","Crash - Application Error, Crash","API Outdated - External","6","https://github.com/Qiskit/qiskit-ignis.git"
"31","Quantum","Qiskit/qiskit-ignis","1f7b71999c28483064e91882ef1510ede23ba0e2","Quantum State Evaluation","Inefficiency","Overlooked Corner Case","10","https://github.com/Qiskit/qiskit-ignis.git"
"32","Classical","Qiskit/qiskit-ignis","864663d2f6212d893731ec2b5678592e4f9a4a02","Quantum State Evaluation","Incorrect Output","Incorrect Application Logic","99","https://github.com/Qiskit/qiskit-ignis.git"
"33","Classical","Qiskit/qiskit-ignis","2f47127a99b709af2ea1f844aeee8f1d90e49194","Testing","Crash - OS/PL Error, Crash","Misconfiguration, Misconfiguration - Testing","1","https://github.com/Qiskit/qiskit-ignis.git"
"35","Classical","PennyLaneAI/pennylane","105bc044a0a35684ec961310aca212d49ba5c451","Machine Code Generation","Crash - Application Error, Crash","String Bug","2","https://github.com/PennyLaneAI/pennylane.git"
"4","Classical","Qiskit/qiskit-ignis","3694ca68abf54a03e73318e81d8932e6a7159f12","Testing","Other Non-functional","API Outdated - External","1","https://github.com/Qiskit/qiskit-ignis.git"
"505","Quantum","Qiskit/qiskit-terra","103f6ffcee69b924417f59c0cc830815b6728387","Quantum Abstractions","Crash - OS/PL Error, Crash","Overlooked Corner Case","1","https://github.com/Qiskit/qiskit-terra.git"
"514","Quantum","Qiskit/qiskit-terra","3c220265117f6d1a2a9661c7f01852b388ff5be9","Machine Code Generation","Incorrect Output","Incorrect Application Logic, Incorrect IR - Wrong Information","31","https://github.com/Qiskit/qiskit-terra.git"
"53","Classical","PennyLaneAI/pennylane","504c58d74a6496d9dc72fe1667bac656f2ada18b","Quantum Abstractions","Crash - OS/PL Error, Crash","Type Problem, Incorrect IR - Wrong Information","1","https://github.com/PennyLaneAI/pennylane.git"
"556","Quantum","Qiskit/qiskit-terra","32aba60331d6a6789e4656fb5c772d913e17389c","Machine Code Generation","Incorrect Output","Incorrect Scheduling","8","https://github.com/Qiskit/qiskit-terra.git"
"567","Classical","Qiskit/qiskit-terra","e8c5a7e41b20fe3a4a1370d95a08be0c9b47c489","Optimizations","Incorrect Final Measurement, Incorrect Output","Incorrect Application Logic, Overlooked Corner Case","2","https://github.com/Qiskit/qiskit-terra.git"
"663","Quantum","Qiskit/qiskit-terra","04f20797eaa1a460e405adb8333508cd73bc448b","Optimizations","Crash - Application Error, Crash","API Misuse - Internal, Incorrect Application Logic","11","https://github.com/Qiskit/qiskit-terra.git"
"679","Classical","Qiskit/qiskit-terra","0885e65b630204330113e5f7e570d84dec2ba293","Visualization and Plotting","Crash - OS/PL Error, Crash","Concurrency","2","https://github.com/Qiskit/qiskit-terra.git"
"68","Classical","PennyLaneAI/pennylane","4d5ce6ce11c416b68f0918e7e3ef74e1a75d8b55","Testing","Failing Test","Misconfiguration, Misconfiguration - Testing","91","https://github.com/PennyLaneAI/pennylane.git"
"7","Classical","Qiskit/qiskit-ignis","23d5ef8231d0bb95cb03ad9b1b62ee37757b24b3","Quantum State Evaluation","Incorrect Final Measurement, Incorrect Output","Incorrect Application Logic","100+","https://github.com/Qiskit/qiskit-ignis.git"
"700","Quantum","Qiskit/qiskit-terra","b0d31257972f2c87cb4d549429372192d0e159e7","Quantum Abstractions","Incorrect Output","Incorrect IR - Wrong Information, Overlooked Corner Case","5","https://github.com/Qiskit/qiskit-terra.git"
"733","Classical","Qiskit/qiskit-terra","c00602aadf4062b65ab3862fb729a85b20bf004b","Interface to Quantum Computer","Crash - OS/PL Error, Crash","API Misuse - Internal","1","https://github.com/Qiskit/qiskit-terra.git"
"75","Quantum","PennyLaneAI/pennylane","d6ea8b514d41125471b82e821e15ab270003f71a","Quantum Abstractions, Quantum State Evaluation","Incorrect Final Measurement, Incorrect Output","Wrong Concept","13","https://github.com/PennyLaneAI/pennylane.git"
"75-5","Quantum","PennyLaneAI/pennylane","d6ea8b514d41125471b82e821e15ab270003f71a","Quantum Abstractions, Quantum State Evaluation","Incorrect Final Measurement, Incorrect Output","MSB-LSB convention mismatches","10","https://github.com/PennyLaneAI/pennylane.git"
"76","Classical","PennyLaneAI/pennylane","2096a60c3f94fa9c06dd6a414f8d93b690f136f6","Domain-specific Abstractions","Incorrect Output","API Misuse - External, Wrong Identifier","1","https://github.com/PennyLaneAI/pennylane.git"
"787","Quantum","Qiskit/qiskit-terra","cb2110957e4b22df8d1bfe42e353fae83af2a14b","Quantum Abstractions","Incorrect Output","Incorrect IR - Missing Information, Imprecise Result","6","https://github.com/Qiskit/qiskit-terra.git"
"862","Quantum","Qiskit/qiskit-terra","d2098068d31f4c04e7dee228a27951a3dde3b4f9","Quantum State Evaluation","Incorrect Final Measurement, Incorrect Output","String Encoding Related","6","https://github.com/Qiskit/qiskit-terra.git"
"950","Classical","Qiskit/qiskit-aer","29c8ca5bccad8ec76c5d269c14832d7df4ae6e64","Infrastructural Scripts and Glue Code","Crash - OS/PL Error, Crash","Misconfiguration, Misconfiguration - Building","42","https://github.com/Qiskit/qiskit-aer.git"
"953","Classical","Qiskit/qiskit-aer","e25aaaea83eaba1319cd0c770d47d1afd2156e0a","Simulator, Quantum State Evaluation","Crash - OS/PL Error, Crash","Overlooked Corner Case","1","https://github.com/Qiskit/qiskit-aer.git"
"964","Quantum","Qiskit/qiskit-aer","cf5d8027d5a70f45751f1369f548b65c666442e1","Quantum Abstractions, Simulator","Crash - OS/PL Error, Crash","Wrong Concept, Overlooked Corner Case, Wrong Identifier","1","https://github.com/Qiskit/qiskit-aer.git"
"968","Classical","Qiskit/qiskit-aer","6e4b479700f04ccf1a421b819e88fc2218dcdbd3","Simulator","Crash - OS/PL Error, Crash","Incorrect Application Logic","1","https://github.com/Qiskit/qiskit-aer.git"
"980","Classical","Qiskit/qiskit-aer","43580139161c5b96456ff984fa84a47c5fbcca9a","Simulator","Incorrect Final Measurement, Incorrect Output","Typo, Wrong Static Mapping","1","https://github.com/Qiskit/qiskit-aer.git"
